symbol,name,timestamp,price
AAPL,Apple,2026-09-01 09:30:00,180.79
AAPL,Apple,2026-09-01 10:00:00,181.69
AAPL,Apple,2026-09-01 10:30:00,182.12
AAPL,Apple,2026-09-01 11:00:00,181.73
AAPL,Apple,2026-09-01 11:30:00,181.45
AAPL,Apple,2026-09-01 12:00:00,181.31
AAPL,Apple,2026-09-01 12:30:00,181.35
AAPL,Apple,2026-09-01 13:00:00,180.48
AAPL,Apple,2026-09-01 13:30:00,180.57
AAPL,Apple,2026-09-01 14:00:00,180.20
AAPL,Apple,2026-09-01 14:30:00,181.99
AAPL,Apple,2026-09-01 15:00:00,182.55
AAPL,Apple,2026-09-01 15:30:00,182.12
AAPL,Apple,2026-09-01 16:00:00,182.44
AAPL,Apple,2026-09-02 09:30:00,182.23
AAPL,Apple,2026-09-02 10:00:00,182.00
AAPL,Apple,2026-09-02 10:30:00,182.59
AAPL,Apple,2026-09-02 11:00:00,182.74
AAPL,Apple,2026-09-02 11:30:00,183.60
AAPL,Apple,2026-09-02 12:00:00,183.63
AAPL,Apple,2026-09-02 12:30:00,182.92
AAPL,Apple,2026-09-02 13:00:00,182.64
AAPL,Apple,2026-09-02 13:30:00,182.26
AAPL,Apple,2026-09-02 14:00:00,182.43
AAPL,Apple,2026-09-02 14:30:00,181.43
AAPL,Apple,2026-09-02 15:00:00,181.17
AAPL,Apple,2026-09-02 15:30:00,181.10
AAPL,Apple,2026-09-02 16:00:00,182.37
AAPL,Apple,2026-09-03 09:30:00,182.25
AAPL,Apple,2026-09-03 10:00:00,183.08
AAPL,Apple,2026-09-03 10:30:00,183.73
AAPL,Apple,2026-09-03 11:00:00,183.43
AAPL,Apple,2026-09-03 11:30:00,184.33
AAPL,Apple,2026-09-03 12:00:00,183.95
AAPL,Apple,2026-09-03 12:30:00,183.72
AAPL,Apple,2026-09-03 13:00:00,183.23
AAPL,Apple,2026-09-03 13:30:00,182.63
AAPL,Apple,2026-09-03 14:00:00,183.69
AAPL,Apple,2026-09-03 14:30:00,184.17
AAPL,Apple,2026-09-03 15:00:00,183.64
AAPL,Apple,2026-09-03 15:30:00,183.55
AAPL,Apple,2026-09-03 16:00:00,183.27
AAPL,Apple,2026-09-04 09:30:00,183.09
AAPL,Apple,2026-09-04 10:00:00,183.85
AAPL,Apple,2026-09-04 10:30:00,184.31
AAPL,Apple,2026-09-04 11:00:00,184.56
AAPL,Apple,2026-09-04 11:30:00,185.64
AAPL,Apple,2026-09-04 12:00:00,185.42
AAPL,Apple,2026-09-04 12:30:00,186.01
AAPL,Apple,2026-09-04 13:00:00,186.07
AAPL,Apple,2026-09-04 13:30:00,186.49
AAPL,Apple,2026-09-04 14:00:00,185.76
AAPL,Apple,2026-09-04 14:30:00,185.33
AAPL,Apple,2026-09-04 15:00:00,186.12
AAPL,Apple,2026-09-04 15:30:00,186.53
AAPL,Apple,2026-09-04 16:00:00,186.60
AAPL,Apple,2026-09-05 09:30:00,185.60
AAPL,Apple,2026-09-05 10:00:00,186.00
AAPL,Apple,2026-09-05 10:30:00,185.09
AAPL,Apple,2026-09-05 11:00:00,185.07
AAPL,Apple,2026-09-05 11:30:00,185.06
AAPL,Apple,2026-09-05 12:00:00,185.74
AAPL,Apple,2026-09-05 12:30:00,186.12
AAPL,Apple,2026-09-05 13:00:00,185.62
AAPL,Apple,2026-09-05 13:30:00,185.22
AAPL,Apple,2026-09-05 14:00:00,185.56
AAPL,Apple,2026-09-05 14:30:00,185.41
AAPL,Apple,2026-09-05 15:00:00,185.42
AAPL,Apple,2026-09-05 15:30:00,186.06
AAPL,Apple,2026-09-05 16:00:00,186.78
AAPL,Apple,2026-09-06 09:30:00,187.58
AAPL,Apple,2026-09-06 10:00:00,185.53
AAPL,Apple,2026-09-06 10:30:00,184.81
AAPL,Apple,2026-09-06 11:00:00,184.34
AAPL,Apple,2026-09-06 11:30:00,183.84
AAPL,Apple,2026-09-06 12:00:00,183.58
AAPL,Apple,2026-09-06 12:30:00,184.22
AAPL,Apple,2026-09-06 13:00:00,184.02
AAPL,Apple,2026-09-06 13:30:00,183.67
AAPL,Apple,2026-09-06 14:00:00,184.66
AAPL,Apple,2026-09-06 14:30:00,183.91
AAPL,Apple,2026-09-06 15:00:00,184.37
AAPL,Apple,2026-09-06 15:30:00,184.78
AAPL,Apple,2026-09-06 16:00:00,184.92
AAPL,Apple,2026-09-07 09:30:00,185.37
AAPL,Apple,2026-09-07 10:00:00,185.28
AAPL,Apple,2026-09-07 10:30:00,185.33
AAPL,Apple,2026-09-07 11:00:00,184.59
AAPL,Apple,2026-09-07 11:30:00,185.19
AAPL,Apple,2026-09-07 12:00:00,185.72
AAPL,Apple,2026-09-07 12:30:00,185.78
AAPL,Apple,2026-09-07 13:00:00,184.81
AAPL,Apple,2026-09-07 13:30:00,184.80
AAPL,Apple,2026-09-07 14:00:00,184.85
AAPL,Apple,2026-09-07 14:30:00,184.52
AAPL,Apple,2026-09-07 15:00:00,184.10
AAPL,Apple,2026-09-07 15:30:00,184.64
AAPL,Apple,2026-09-07 16:00:00,184.42
AAPL,Apple,2026-09-08 09:30:00,184.55
AAPL,Apple,2026-09-08 10:00:00,184.45
AAPL,Apple,2026-09-08 10:30:00,184.98
AAPL,Apple,2026-09-08 11:00:00,184.85
AAPL,Apple,2026-09-08 11:30:00,184.27
AAPL,Apple,2026-09-08 12:00:00,184.83
AAPL,Apple,2026-09-08 12:30:00,184.67
AAPL,Apple,2026-09-08 13:00:00,184.31
AAPL,Apple,2026-09-08 13:30:00,185.08
AAPL,Apple,2026-09-08 14:00:00,184.77
AAPL,Apple,2026-09-08 14:30:00,184.23
AAPL,Apple,2026-09-08 15:00:00,183.94
AAPL,Apple,2026-09-08 15:30:00,184.63
AAPL,Apple,2026-09-08 16:00:00,184.70
AAPL,Apple,2026-09-09 09:30:00,184.68
AAPL,Apple,2026-09-09 10:00:00,185.53
AAPL,Apple,2026-09-09 10:30:00,186.31
AAPL,Apple,2026-09-09 11:00:00,186.40
AAPL,Apple,2026-09-09 11:30:00,186.30
AAPL,Apple,2026-09-09 12:00:00,186.27
AAPL,Apple,2026-09-09 12:30:00,185.97
AAPL,Apple,2026-09-09 13:00:00,185.38
AAPL,Apple,2026-09-09 13:30:00,185.90
AAPL,Apple,2026-09-09 14:00:00,185.08
AAPL,Apple,2026-09-09 14:30:00,185.90
AAPL,Apple,2026-09-09 15:00:00,185.61
AAPL,Apple,2026-09-09 15:30:00,185.22
AAPL,Apple,2026-09-09 16:00:00,185.68
AAPL,Apple,2026-09-10 09:30:00,184.54
AAPL,Apple,2026-09-10 10:00:00,184.06
AAPL,Apple,2026-09-10 10:30:00,183.27
AAPL,Apple,2026-09-10 11:00:00,184.18
AAPL,Apple,2026-09-10 11:30:00,184.99
AAPL,Apple,2026-09-10 12:00:00,185.21
AAPL,Apple,2026-09-10 12:30:00,186.52
AAPL,Apple,2026-09-10 13:00:00,185.49
AAPL,Apple,2026-09-10 13:30:00,185.71
AAPL,Apple,2026-09-10 14:00:00,185.79
AAPL,Apple,2026-09-10 14:30:00,186.81
AAPL,Apple,2026-09-10 15:00:00,186.72
AAPL,Apple,2026-09-10 15:30:00,186.74
AAPL,Apple,2026-09-10 16:00:00,186.29
AAPL,Apple,2026-09-11 09:30:00,188.53
AAPL,Apple,2026-09-11 10:00:00,188.19
AAPL,Apple,2026-09-11 10:30:00,188.99
AAPL,Apple,2026-09-11 11:00:00,188.90
AAPL,Apple,2026-09-11 11:30:00,189.01
AAPL,Apple,2026-09-11 12:00:00,189.13
AAPL,Apple,2026-09-11 12:30:00,189.35
AAPL,Apple,2026-09-11 13:00:00,189.88
AAPL,Apple,2026-09-11 13:30:00,189.27
AAPL,Apple,2026-09-11 14:00:00,189.13
AAPL,Apple,2026-09-11 14:30:00,188.28
AAPL,Apple,2026-09-11 15:00:00,188.45
AAPL,Apple,2026-09-11 15:30:00,188.58
AAPL,Apple,2026-09-11 16:00:00,187.25
AAPL,Apple,2026-09-12 09:30:00,186.78
AAPL,Apple,2026-09-12 10:00:00,188.40
AAPL,Apple,2026-09-12 10:30:00,187.67
AAPL,Apple,2026-09-12 11:00:00,186.76
AAPL,Apple,2026-09-12 11:30:00,185.80
AAPL,Apple,2026-09-12 12:00:00,186.97
AAPL,Apple,2026-09-12 12:30:00,186.44
AAPL,Apple,2026-09-12 13:00:00,185.36
AAPL,Apple,2026-09-12 13:30:00,185.73
AAPL,Apple,2026-09-12 14:00:00,185.42
AAPL,Apple,2026-09-12 14:30:00,185.49
AAPL,Apple,2026-09-12 15:00:00,185.02
AAPL,Apple,2026-09-12 15:30:00,184.18
AAPL,Apple,2026-09-12 16:00:00,183.36
MSFT,Microsoft,2026-09-01 09:30:00,412.50
MSFT,Microsoft,2026-09-01 10:00:00,414.00
MSFT,Microsoft,2026-09-01 10:30:00,414.16
MSFT,Microsoft,2026-09-01 11:00:00,411.63
MSFT,Microsoft,2026-09-01 11:30:00,411.56
MSFT,Microsoft,2026-09-01 12:00:00,412.15
MSFT,Microsoft,2026-09-01 12:30:00,411.95
MSFT,Microsoft,2026-09-01 13:00:00,411.88
MSFT,Microsoft,2026-09-01 13:30:00,412.16
MSFT,Microsoft,2026-09-01 14:00:00,411.58
MSFT,Microsoft,2026-09-01 14:30:00,411.09
MSFT,Microsoft,2026-09-01 15:00:00,410.80
MSFT,Microsoft,2026-09-01 15:30:00,410.78
MSFT,Microsoft,2026-09-01 16:00:00,411.13
MSFT,Microsoft,2026-09-02 09:30:00,412.43
MSFT,Microsoft,2026-09-02 10:00:00,411.30
MSFT,Microsoft,2026-09-02 10:30:00,413.03
MSFT,Microsoft,2026-09-02 11:00:00,412.75
MSFT,Microsoft,2026-09-02 11:30:00,412.76
MSFT,Microsoft,2026-09-02 12:00:00,414.37
MSFT,Microsoft,2026-09-02 12:30:00,416.09
MSFT,Microsoft,2026-09-02 13:00:00,415.74
MSFT,Microsoft,2026-09-02 13:30:00,416.49
MSFT,Microsoft,2026-09-02 14:00:00,417.25
MSFT,Microsoft,2026-09-02 14:30:00,417.15
MSFT,Microsoft,2026-09-02 15:00:00,418.02
MSFT,Microsoft,2026-09-02 15:30:00,417.16
MSFT,Microsoft,2026-09-02 16:00:00,415.89
MSFT,Microsoft,2026-09-03 09:30:00,421.00
MSFT,Microsoft,2026-09-03 10:00:00,421.84
MSFT,Microsoft,2026-09-03 10:30:00,421.89
MSFT,Microsoft,2026-09-03 11:00:00,422.23
MSFT,Microsoft,2026-09-03 11:30:00,421.74
MSFT,Microsoft,2026-09-03 12:00:00,420.51
MSFT,Microsoft,2026-09-03 12:30:00,420.82
MSFT,Microsoft,2026-09-03 13:00:00,418.35
MSFT,Microsoft,2026-09-03 13:30:00,417.14
MSFT,Microsoft,2026-09-03 14:00:00,417.02
MSFT,Microsoft,2026-09-03 14:30:00,418.31
MSFT,Microsoft,2026-09-03 15:00:00,418.56
MSFT,Microsoft,2026-09-03 15:30:00,418.94
MSFT,Microsoft,2026-09-03 16:00:00,418.77
MSFT,Microsoft,2026-09-04 09:30:00,417.03
MSFT,Microsoft,2026-09-04 10:00:00,415.92
MSFT,Microsoft,2026-09-04 10:30:00,414.25
MSFT,Microsoft,2026-09-04 11:00:00,416.13
MSFT,Microsoft,2026-09-04 11:30:00,417.66
MSFT,Microsoft,2026-09-04 12:00:00,418.80
MSFT,Microsoft,2026-09-04 12:30:00,419.96
MSFT,Microsoft,2026-09-04 13:00:00,419.12
MSFT,Microsoft,2026-09-04 13:30:00,421.05
MSFT,Microsoft,2026-09-04 14:00:00,421.40
MSFT,Microsoft,2026-09-04 14:30:00,421.41
MSFT,Microsoft,2026-09-04 15:00:00,420.49
MSFT,Microsoft,2026-09-04 15:30:00,421.49
MSFT,Microsoft,2026-09-04 16:00:00,421.99
MSFT,Microsoft,2026-09-05 09:30:00,423.28
MSFT,Microsoft,2026-09-05 10:00:00,423.88
MSFT,Microsoft,2026-09-05 10:30:00,424.27
MSFT,Microsoft,2026-09-05 11:00:00,423.96
MSFT,Microsoft,2026-09-05 11:30:00,424.61
MSFT,Microsoft,2026-09-05 12:00:00,424.30
MSFT,Microsoft,2026-09-05 12:30:00,422.93
MSFT,Microsoft,2026-09-05 13:00:00,422.29
MSFT,Microsoft,2026-09-05 13:30:00,424.27
MSFT,Microsoft,2026-09-05 14:00:00,424.93
MSFT,Microsoft,2026-09-05 14:30:00,425.26
MSFT,Microsoft,2026-09-05 15:00:00,424.52
MSFT,Microsoft,2026-09-05 15:30:00,425.51
MSFT,Microsoft,2026-09-05 16:00:00,423.37
MSFT,Microsoft,2026-09-06 09:30:00,424.96
MSFT,Microsoft,2026-09-06 10:00:00,424.42
MSFT,Microsoft,2026-09-06 10:30:00,425.67
MSFT,Microsoft,2026-09-06 11:00:00,427.29
MSFT,Microsoft,2026-09-06 11:30:00,426.06
MSFT,Microsoft,2026-09-06 12:00:00,425.38
MSFT,Microsoft,2026-09-06 12:30:00,426.09
MSFT,Microsoft,2026-09-06 13:00:00,428.09
MSFT,Microsoft,2026-09-06 13:30:00,426.89
MSFT,Microsoft,2026-09-06 14:00:00,428.40
MSFT,Microsoft,2026-09-06 14:30:00,428.63
MSFT,Microsoft,2026-09-06 15:00:00,428.39
MSFT,Microsoft,2026-09-06 15:30:00,429.10
MSFT,Microsoft,2026-09-06 16:00:00,428.60
MSFT,Microsoft,2026-09-07 09:30:00,428.48
MSFT,Microsoft,2026-09-07 10:00:00,428.51
MSFT,Microsoft,2026-09-07 10:30:00,428.39
MSFT,Microsoft,2026-09-07 11:00:00,426.94
MSFT,Microsoft,2026-09-07 11:30:00,424.23
MSFT,Microsoft,2026-09-07 12:00:00,425.23
MSFT,Microsoft,2026-09-07 12:30:00,425.92
MSFT,Microsoft,2026-09-07 13:00:00,426.95
MSFT,Microsoft,2026-09-07 13:30:00,429.04
MSFT,Microsoft,2026-09-07 14:00:00,428.56
MSFT,Microsoft,2026-09-07 14:30:00,429.15
MSFT,Microsoft,2026-09-07 15:00:00,429.92
MSFT,Microsoft,2026-09-07 15:30:00,429.25
MSFT,Microsoft,2026-09-07 16:00:00,431.02
MSFT,Microsoft,2026-09-08 09:30:00,428.55
MSFT,Microsoft,2026-09-08 10:00:00,427.98
MSFT,Microsoft,2026-09-08 10:30:00,428.29
MSFT,Microsoft,2026-09-08 11:00:00,428.12
MSFT,Microsoft,2026-09-08 11:30:00,428.38
MSFT,Microsoft,2026-09-08 12:00:00,427.50
MSFT,Microsoft,2026-09-08 12:30:00,427.77
MSFT,Microsoft,2026-09-08 13:00:00,426.36
MSFT,Microsoft,2026-09-08 13:30:00,427.15
MSFT,Microsoft,2026-09-08 14:00:00,428.78
MSFT,Microsoft,2026-09-08 14:30:00,429.22
MSFT,Microsoft,2026-09-08 15:00:00,428.55
MSFT,Microsoft,2026-09-08 15:30:00,428.44
MSFT,Microsoft,2026-09-08 16:00:00,427.84
MSFT,Microsoft,2026-09-09 09:30:00,433.08
MSFT,Microsoft,2026-09-09 10:00:00,431.34
MSFT,Microsoft,2026-09-09 10:30:00,431.67
MSFT,Microsoft,2026-09-09 11:00:00,432.26
MSFT,Microsoft,2026-09-09 11:30:00,431.14
MSFT,Microsoft,2026-09-09 12:00:00,432.86
MSFT,Microsoft,2026-09-09 12:30:00,430.97
MSFT,Microsoft,2026-09-09 13:00:00,434.38
MSFT,Microsoft,2026-09-09 13:30:00,433.12
MSFT,Microsoft,2026-09-09 14:00:00,433.01
MSFT,Microsoft,2026-09-09 14:30:00,435.56
MSFT,Microsoft,2026-09-09 15:00:00,436.56
MSFT,Microsoft,2026-09-09 15:30:00,436.20
MSFT,Microsoft,2026-09-09 16:00:00,435.85
MSFT,Microsoft,2026-09-10 09:30:00,435.14
MSFT,Microsoft,2026-09-10 10:00:00,434.46
MSFT,Microsoft,2026-09-10 10:30:00,433.82
MSFT,Microsoft,2026-09-10 11:00:00,433.05
MSFT,Microsoft,2026-09-10 11:30:00,434.16
MSFT,Microsoft,2026-09-10 12:00:00,434.59
MSFT,Microsoft,2026-09-10 12:30:00,436.40
MSFT,Microsoft,2026-09-10 13:00:00,438.30
MSFT,Microsoft,2026-09-10 13:30:00,437.45
MSFT,Microsoft,2026-09-10 14:00:00,437.48
MSFT,Microsoft,2026-09-10 14:30:00,436.52
MSFT,Microsoft,2026-09-10 15:00:00,436.62
MSFT,Microsoft,2026-09-10 15:30:00,435.63
MSFT,Microsoft,2026-09-10 16:00:00,435.48
MSFT,Microsoft,2026-09-11 09:30:00,434.71
MSFT,Microsoft,2026-09-11 10:00:00,432.81
MSFT,Microsoft,2026-09-11 10:30:00,430.80
MSFT,Microsoft,2026-09-11 11:00:00,432.49
MSFT,Microsoft,2026-09-11 11:30:00,433.41
MSFT,Microsoft,2026-09-11 12:00:00,433.25
MSFT,Microsoft,2026-09-11 12:30:00,432.82
MSFT,Microsoft,2026-09-11 13:00:00,432.65
MSFT,Microsoft,2026-09-11 13:30:00,432.94
MSFT,Microsoft,2026-09-11 14:00:00,432.13
MSFT,Microsoft,2026-09-11 14:30:00,433.58
MSFT,Microsoft,2026-09-11 15:00:00,432.45
MSFT,Microsoft,2026-09-11 15:30:00,431.67
MSFT,Microsoft,2026-09-11 16:00:00,431.66
MSFT,Microsoft,2026-09-12 09:30:00,431.09
MSFT,Microsoft,2026-09-12 10:00:00,431.77
MSFT,Microsoft,2026-09-12 10:30:00,431.27
MSFT,Microsoft,2026-09-12 11:00:00,430.55
MSFT,Microsoft,2026-09-12 11:30:00,430.87
MSFT,Microsoft,2026-09-12 12:00:00,430.28
MSFT,Microsoft,2026-09-12 12:30:00,432.67
MSFT,Microsoft,2026-09-12 13:00:00,433.94
MSFT,Microsoft,2026-09-12 13:30:00,432.14
MSFT,Microsoft,2026-09-12 14:00:00,433.29
MSFT,Microsoft,2026-09-12 14:30:00,434.41
MSFT,Microsoft,2026-09-12 15:00:00,434.36
MSFT,Microsoft,2026-09-12 15:30:00,433.30
MSFT,Microsoft,2026-09-12 16:00:00,431.81
GOOGL,Alphabet,2026-09-01 09:30:00,141.28
GOOGL,Alphabet,2026-09-01 10:00:00,141.71
GOOGL,Alphabet,2026-09-01 10:30:00,141.52
GOOGL,Alphabet,2026-09-01 11:00:00,141.43
GOOGL,Alphabet,2026-09-01 11:30:00,142.16
GOOGL,Alphabet,2026-09-01 12:00:00,142.59
GOOGL,Alphabet,2026-09-01 12:30:00,143.17
GOOGL,Alphabet,2026-09-01 13:00:00,142.66
GOOGL,Alphabet,2026-09-01 13:30:00,142.94
GOOGL,Alphabet,2026-09-01 14:00:00,143.28
GOOGL,Alphabet,2026-09-01 14:30:00,143.18
GOOGL,Alphabet,2026-09-01 15:00:00,142.70
GOOGL,Alphabet,2026-09-01 15:30:00,143.68
GOOGL,Alphabet,2026-09-01 16:00:00,143.70
GOOGL,Alphabet,2026-09-02 09:30:00,142.82
GOOGL,Alphabet,2026-09-02 10:00:00,142.87
GOOGL,Alphabet,2026-09-02 10:30:00,142.74
GOOGL,Alphabet,2026-09-02 11:00:00,143.54
GOOGL,Alphabet,2026-09-02 11:30:00,144.05
GOOGL,Alphabet,2026-09-02 12:00:00,143.87
GOOGL,Alphabet,2026-09-02 12:30:00,144.46
GOOGL,Alphabet,2026-09-02 13:00:00,143.97
GOOGL,Alphabet,2026-09-02 13:30:00,144.59
GOOGL,Alphabet,2026-09-02 14:00:00,145.01
GOOGL,Alphabet,2026-09-02 14:30:00,145.77
GOOGL,Alphabet,2026-09-02 15:00:00,145.45
GOOGL,Alphabet,2026-09-02 15:30:00,144.80
GOOGL,Alphabet,2026-09-02 16:00:00,145.08
GOOGL,Alphabet,2026-09-03 09:30:00,146.42
GOOGL,Alphabet,2026-09-03 10:00:00,146.86
GOOGL,Alphabet,2026-09-03 10:30:00,147.51
GOOGL,Alphabet,2026-09-03 11:00:00,147.77
GOOGL,Alphabet,2026-09-03 11:30:00,147.93
GOOGL,Alphabet,2026-09-03 12:00:00,147.48
GOOGL,Alphabet,2026-09-03 12:30:00,147.95
GOOGL,Alphabet,2026-09-03 13:00:00,148.07
GOOGL,Alphabet,2026-09-03 13:30:00,148.00
GOOGL,Alphabet,2026-09-03 14:00:00,147.84
GOOGL,Alphabet,2026-09-03 14:30:00,147.82
GOOGL,Alphabet,2026-09-03 15:00:00,146.73
GOOGL,Alphabet,2026-09-03 15:30:00,147.22
GOOGL,Alphabet,2026-09-03 16:00:00,147.09
GOOGL,Alphabet,2026-09-04 09:30:00,147.05
GOOGL,Alphabet,2026-09-04 10:00:00,146.91
GOOGL,Alphabet,2026-09-04 10:30:00,147.08
GOOGL,Alphabet,2026-09-04 11:00:00,147.65
GOOGL,Alphabet,2026-09-04 11:30:00,147.64
GOOGL,Alphabet,2026-09-04 12:00:00,147.81
GOOGL,Alphabet,2026-09-04 12:30:00,148.74
GOOGL,Alphabet,2026-09-04 13:00:00,148.35
GOOGL,Alphabet,2026-09-04 13:30:00,146.79
GOOGL,Alphabet,2026-09-04 14:00:00,147.50
GOOGL,Alphabet,2026-09-04 14:30:00,147.61
GOOGL,Alphabet,2026-09-04 15:00:00,148.07
GOOGL,Alphabet,2026-09-04 15:30:00,147.42
GOOGL,Alphabet,2026-09-04 16:00:00,148.15
GOOGL,Alphabet,2026-09-05 09:30:00,147.87
GOOGL,Alphabet,2026-09-05 10:00:00,148.18
GOOGL,Alphabet,2026-09-05 10:30:00,147.23
GOOGL,Alphabet,2026-09-05 11:00:00,147.04
GOOGL,Alphabet,2026-09-05 11:30:00,147.46
GOOGL,Alphabet,2026-09-05 12:00:00,147.70
GOOGL,Alphabet,2026-09-05 12:30:00,147.85
GOOGL,Alphabet,2026-09-05 13:00:00,148.54
GOOGL,Alphabet,2026-09-05 13:30:00,148.95
GOOGL,Alphabet,2026-09-05 14:00:00,149.93
GOOGL,Alphabet,2026-09-05 14:30:00,149.89
GOOGL,Alphabet,2026-09-05 15:00:00,150.52
GOOGL,Alphabet,2026-09-05 15:30:00,151.16
GOOGL,Alphabet,2026-09-05 16:00:00,150.39
GOOGL,Alphabet,2026-09-06 09:30:00,150.68
GOOGL,Alphabet,2026-09-06 10:00:00,150.45
GOOGL,Alphabet,2026-09-06 10:30:00,149.57
GOOGL,Alphabet,2026-09-06 11:00:00,149.47
GOOGL,Alphabet,2026-09-06 11:30:00,150.04
GOOGL,Alphabet,2026-09-06 12:00:00,149.63
GOOGL,Alphabet,2026-09-06 12:30:00,149.63
GOOGL,Alphabet,2026-09-06 13:00:00,150.19
GOOGL,Alphabet,2026-09-06 13:30:00,150.03
GOOGL,Alphabet,2026-09-06 14:00:00,149.75
GOOGL,Alphabet,2026-09-06 14:30:00,149.46
GOOGL,Alphabet,2026-09-06 15:00:00,149.21
GOOGL,Alphabet,2026-09-06 15:30:00,149.19
GOOGL,Alphabet,2026-09-06 16:00:00,149.34
GOOGL,Alphabet,2026-09-07 09:30:00,150.20
GOOGL,Alphabet,2026-09-07 10:00:00,149.98
GOOGL,Alphabet,2026-09-07 10:30:00,149.86
GOOGL,Alphabet,2026-09-07 11:00:00,149.25
GOOGL,Alphabet,2026-09-07 11:30:00,148.72
GOOGL,Alphabet,2026-09-07 12:00:00,149.17
GOOGL,Alphabet,2026-09-07 12:30:00,149.27
GOOGL,Alphabet,2026-09-07 13:00:00,149.41
GOOGL,Alphabet,2026-09-07 13:30:00,149.10
GOOGL,Alphabet,2026-09-07 14:00:00,148.99
GOOGL,Alphabet,2026-09-07 14:30:00,148.72
GOOGL,Alphabet,2026-09-07 15:00:00,149.11
GOOGL,Alphabet,2026-09-07 15:30:00,149.09
GOOGL,Alphabet,2026-09-07 16:00:00,147.71
GOOGL,Alphabet,2026-09-08 09:30:00,147.99
GOOGL,Alphabet,2026-09-08 10:00:00,148.27
GOOGL,Alphabet,2026-09-08 10:30:00,148.24
GOOGL,Alphabet,2026-09-08 11:00:00,147.97
GOOGL,Alphabet,2026-09-08 11:30:00,148.55
GOOGL,Alphabet,2026-09-08 12:00:00,148.36
GOOGL,Alphabet,2026-09-08 12:30:00,148.11
GOOGL,Alphabet,2026-09-08 13:00:00,147.42
GOOGL,Alphabet,2026-09-08 13:30:00,147.99
GOOGL,Alphabet,2026-09-08 14:00:00,147.95
GOOGL,Alphabet,2026-09-08 14:30:00,147.70
GOOGL,Alphabet,2026-09-08 15:00:00,147.61
GOOGL,Alphabet,2026-09-08 15:30:00,147.96
GOOGL,Alphabet,2026-09-08 16:00:00,148.34
GOOGL,Alphabet,2026-09-09 09:30:00,149.40
GOOGL,Alphabet,2026-09-09 10:00:00,149.08
GOOGL,Alphabet,2026-09-09 10:30:00,148.55
GOOGL,Alphabet,2026-09-09 11:00:00,148.40
GOOGL,Alphabet,2026-09-09 11:30:00,148.21
GOOGL,Alphabet,2026-09-09 12:00:00,148.83
GOOGL,Alphabet,2026-09-09 12:30:00,148.14
GOOGL,Alphabet,2026-09-09 13:00:00,148.32
GOOGL,Alphabet,2026-09-09 13:30:00,148.47
GOOGL,Alphabet,2026-09-09 14:00:00,148.57
GOOGL,Alphabet,2026-09-09 14:30:00,146.96
GOOGL,Alphabet,2026-09-09 15:00:00,146.83
GOOGL,Alphabet,2026-09-09 15:30:00,147.16
GOOGL,Alphabet,2026-09-09 16:00:00,146.98
GOOGL,Alphabet,2026-09-10 09:30:00,147.08
GOOGL,Alphabet,2026-09-10 10:00:00,146.69
GOOGL,Alphabet,2026-09-10 10:30:00,146.94
GOOGL,Alphabet,2026-09-10 11:00:00,147.84
GOOGL,Alphabet,2026-09-10 11:30:00,148.19
GOOGL,Alphabet,2026-09-10 12:00:00,147.21
GOOGL,Alphabet,2026-09-10 12:30:00,147.39
GOOGL,Alphabet,2026-09-10 13:00:00,147.43
GOOGL,Alphabet,2026-09-10 13:30:00,147.39
GOOGL,Alphabet,2026-09-10 14:00:00,147.16
GOOGL,Alphabet,2026-09-10 14:30:00,147.17
GOOGL,Alphabet,2026-09-10 15:00:00,147.55
GOOGL,Alphabet,2026-09-10 15:30:00,147.55
GOOGL,Alphabet,2026-09-10 16:00:00,147.70
GOOGL,Alphabet,2026-09-11 09:30:00,148.49
GOOGL,Alphabet,2026-09-11 10:00:00,147.68
GOOGL,Alphabet,2026-09-11 10:30:00,147.11
GOOGL,Alphabet,2026-09-11 11:00:00,146.27
GOOGL,Alphabet,2026-09-11 11:30:00,145.63
GOOGL,Alphabet,2026-09-11 12:00:00,146.96
GOOGL,Alphabet,2026-09-11 12:30:00,147.15
GOOGL,Alphabet,2026-09-11 13:00:00,147.22
GOOGL,Alphabet,2026-09-11 13:30:00,147.50
GOOGL,Alphabet,2026-09-11 14:00:00,147.13
GOOGL,Alphabet,2026-09-11 14:30:00,146.55
GOOGL,Alphabet,2026-09-11 15:00:00,146.55
GOOGL,Alphabet,2026-09-11 15:30:00,146.70
GOOGL,Alphabet,2026-09-11 16:00:00,146.41
GOOGL,Alphabet,2026-09-12 09:30:00,145.78
GOOGL,Alphabet,2026-09-12 10:00:00,146.01
GOOGL,Alphabet,2026-09-12 10:30:00,146.41
GOOGL,Alphabet,2026-09-12 11:00:00,146.36
GOOGL,Alphabet,2026-09-12 11:30:00,145.77
GOOGL,Alphabet,2026-09-12 12:00:00,145.80
GOOGL,Alphabet,2026-09-12 12:30:00,145.04
GOOGL,Alphabet,2026-09-12 13:00:00,145.00
GOOGL,Alphabet,2026-09-12 13:30:00,144.91
GOOGL,Alphabet,2026-09-12 14:00:00,145.58
GOOGL,Alphabet,2026-09-12 14:30:00,145.57
GOOGL,Alphabet,2026-09-12 15:00:00,145.15
GOOGL,Alphabet,2026-09-12 15:30:00,145.53
GOOGL,Alphabet,2026-09-12 16:00:00,145.66
AMZN,Amazon,2026-09-01 09:30:00,179.35
AMZN,Amazon,2026-09-01 10:00:00,179.28
AMZN,Amazon,2026-09-01 10:30:00,179.46
AMZN,Amazon,2026-09-01 11:00:00,179.76
AMZN,Amazon,2026-09-01 11:30:00,180.42
AMZN,Amazon,2026-09-01 12:00:00,180.55
AMZN,Amazon,2026-09-01 12:30:00,179.95
AMZN,Amazon,2026-09-01 13:00:00,180.38
AMZN,Amazon,2026-09-01 13:30:00,180.81
AMZN,Amazon,2026-09-01 14:00:00,181.33
AMZN,Amazon,2026-09-01 14:30:00,181.36
AMZN,Amazon,2026-09-01 15:00:00,181.81
AMZN,Amazon,2026-09-01 15:30:00,181.15
AMZN,Amazon,2026-09-01 16:00:00,181.32
AMZN,Amazon,2026-09-02 09:30:00,180.62
AMZN,Amazon,2026-09-02 10:00:00,181.17
AMZN,Amazon,2026-09-02 10:30:00,180.73
AMZN,Amazon,2026-09-02 11:00:00,181.05
AMZN,Amazon,2026-09-02 11:30:00,180.98
AMZN,Amazon,2026-09-02 12:00:00,181.42
AMZN,Amazon,2026-09-02 12:30:00,181.22
AMZN,Amazon,2026-09-02 13:00:00,181.05
AMZN,Amazon,2026-09-02 13:30:00,182.88
AMZN,Amazon,2026-09-02 14:00:00,183.86
AMZN,Amazon,2026-09-02 14:30:00,183.94
AMZN,Amazon,2026-09-02 15:00:00,183.45
AMZN,Amazon,2026-09-02 15:30:00,183.60
AMZN,Amazon,2026-09-02 16:00:00,184.35
AMZN,Amazon,2026-09-03 09:30:00,184.59
AMZN,Amazon,2026-09-03 10:00:00,184.87
AMZN,Amazon,2026-09-03 10:30:00,184.52
AMZN,Amazon,2026-09-03 11:00:00,184.48
AMZN,Amazon,2026-09-03 11:30:00,185.39
AMZN,Amazon,2026-09-03 12:00:00,186.07
AMZN,Amazon,2026-09-03 12:30:00,186.79
AMZN,Amazon,2026-09-03 13:00:00,186.68
AMZN,Amazon,2026-09-03 13:30:00,188.24
AMZN,Amazon,2026-09-03 14:00:00,188.07
AMZN,Amazon,2026-09-03 14:30:00,188.39
AMZN,Amazon,2026-09-03 15:00:00,189.37
AMZN,Amazon,2026-09-03 15:30:00,189.84
AMZN,Amazon,2026-09-03 16:00:00,190.21
AMZN,Amazon,2026-09-04 09:30:00,189.93
AMZN,Amazon,2026-09-04 10:00:00,189.23
AMZN,Amazon,2026-09-04 10:30:00,189.43
AMZN,Amazon,2026-09-04 11:00:00,189.67
AMZN,Amazon,2026-09-04 11:30:00,190.38
AMZN,Amazon,2026-09-04 12:00:00,190.42
AMZN,Amazon,2026-09-04 12:30:00,190.63
AMZN,Amazon,2026-09-04 13:00:00,190.81
AMZN,Amazon,2026-09-04 13:30:00,192.05
AMZN,Amazon,2026-09-04 14:00:00,192.18
AMZN,Amazon,2026-09-04 14:30:00,192.03
AMZN,Amazon,2026-09-04 15:00:00,193.34
AMZN,Amazon,2026-09-04 15:30:00,193.10
AMZN,Amazon,2026-09-04 16:00:00,192.47
AMZN,Amazon,2026-09-05 09:30:00,192.66
AMZN,Amazon,2026-09-05 10:00:00,192.86
AMZN,Amazon,2026-09-05 10:30:00,192.18
AMZN,Amazon,2026-09-05 11:00:00,193.33
AMZN,Amazon,2026-09-05 11:30:00,193.91
AMZN,Amazon,2026-09-05 12:00:00,193.09
AMZN,Amazon,2026-09-05 12:30:00,192.87
AMZN,Amazon,2026-09-05 13:00:00,192.80
AMZN,Amazon,2026-09-05 13:30:00,192.52
AMZN,Amazon,2026-09-05 14:00:00,192.99
AMZN,Amazon,2026-09-05 14:30:00,193.49
AMZN,Amazon,2026-09-05 15:00:00,193.00
AMZN,Amazon,2026-09-05 15:30:00,192.87
AMZN,Amazon,2026-09-05 16:00:00,191.89
AMZN,Amazon,2026-09-06 09:30:00,191.37
AMZN,Amazon,2026-09-06 10:00:00,190.01
AMZN,Amazon,2026-09-06 10:30:00,190.58
AMZN,Amazon,2026-09-06 11:00:00,191.53
AMZN,Amazon,2026-09-06 11:30:00,191.47
AMZN,Amazon,2026-09-06 12:00:00,192.18
AMZN,Amazon,2026-09-06 12:30:00,191.46
AMZN,Amazon,2026-09-06 13:00:00,191.50
AMZN,Amazon,2026-09-06 13:30:00,191.04
AMZN,Amazon,2026-09-06 14:00:00,190.73
AMZN,Amazon,2026-09-06 14:30:00,189.55
AMZN,Amazon,2026-09-06 15:00:00,189.28
AMZN,Amazon,2026-09-06 15:30:00,190.39
AMZN,Amazon,2026-09-06 16:00:00,190.57
AMZN,Amazon,2026-09-07 09:30:00,190.28
AMZN,Amazon,2026-09-07 10:00:00,190.73
AMZN,Amazon,2026-09-07 10:30:00,191.98
AMZN,Amazon,2026-09-07 11:00:00,191.44
AMZN,Amazon,2026-09-07 11:30:00,191.88
AMZN,Amazon,2026-09-07 12:00:00,191.91
AMZN,Amazon,2026-09-07 12:30:00,192.75
AMZN,Amazon,2026-09-07 13:00:00,192.66
AMZN,Amazon,2026-09-07 13:30:00,192.62
AMZN,Amazon,2026-09-07 14:00:00,192.76
AMZN,Amazon,2026-09-07 14:30:00,193.31
AMZN,Amazon,2026-09-07 15:00:00,194.69
AMZN,Amazon,2026-09-07 15:30:00,194.98
AMZN,Amazon,2026-09-07 16:00:00,194.57
AMZN,Amazon,2026-09-08 09:30:00,195.47
AMZN,Amazon,2026-09-08 10:00:00,196.82
AMZN,Amazon,2026-09-08 10:30:00,196.50
AMZN,Amazon,2026-09-08 11:00:00,197.03
AMZN,Amazon,2026-09-08 11:30:00,197.60
AMZN,Amazon,2026-09-08 12:00:00,196.69
AMZN,Amazon,2026-09-08 12:30:00,197.34
AMZN,Amazon,2026-09-08 13:00:00,198.27
AMZN,Amazon,2026-09-08 13:30:00,198.84
AMZN,Amazon,2026-09-08 14:00:00,198.92
AMZN,Amazon,2026-09-08 14:30:00,199.68
AMZN,Amazon,2026-09-08 15:00:00,198.92
AMZN,Amazon,2026-09-08 15:30:00,199.78
AMZN,Amazon,2026-09-08 16:00:00,199.27
AMZN,Amazon,2026-09-09 09:30:00,199.10
AMZN,Amazon,2026-09-09 10:00:00,198.73
AMZN,Amazon,2026-09-09 10:30:00,198.63
AMZN,Amazon,2026-09-09 11:00:00,198.99
AMZN,Amazon,2026-09-09 11:30:00,199.57
AMZN,Amazon,2026-09-09 12:00:00,199.04
AMZN,Amazon,2026-09-09 12:30:00,199.95
AMZN,Amazon,2026-09-09 13:00:00,199.22
AMZN,Amazon,2026-09-09 13:30:00,198.51
AMZN,Amazon,2026-09-09 14:00:00,199.45
AMZN,Amazon,2026-09-09 14:30:00,199.40
AMZN,Amazon,2026-09-09 15:00:00,199.04
AMZN,Amazon,2026-09-09 15:30:00,198.73
AMZN,Amazon,2026-09-09 16:00:00,198.93
AMZN,Amazon,2026-09-10 09:30:00,197.11
AMZN,Amazon,2026-09-10 10:00:00,197.23
AMZN,Amazon,2026-09-10 10:30:00,197.33
AMZN,Amazon,2026-09-10 11:00:00,196.77
AMZN,Amazon,2026-09-10 11:30:00,197.26
AMZN,Amazon,2026-09-10 12:00:00,196.53
AMZN,Amazon,2026-09-10 12:30:00,196.12
AMZN,Amazon,2026-09-10 13:00:00,196.74
AMZN,Amazon,2026-09-10 13:30:00,197.85
AMZN,Amazon,2026-09-10 14:00:00,197.75
AMZN,Amazon,2026-09-10 14:30:00,197.05
AMZN,Amazon,2026-09-10 15:00:00,197.09
AMZN,Amazon,2026-09-10 15:30:00,196.55
AMZN,Amazon,2026-09-10 16:00:00,196.72
AMZN,Amazon,2026-09-11 09:30:00,194.92
AMZN,Amazon,2026-09-11 10:00:00,195.00
AMZN,Amazon,2026-09-11 10:30:00,195.09
AMZN,Amazon,2026-09-11 11:00:00,195.87
AMZN,Amazon,2026-09-11 11:30:00,196.05
AMZN,Amazon,2026-09-11 12:00:00,194.98
AMZN,Amazon,2026-09-11 12:30:00,195.09
AMZN,Amazon,2026-09-11 13:00:00,195.78
AMZN,Amazon,2026-09-11 13:30:00,195.82
AMZN,Amazon,2026-09-11 14:00:00,195.14
AMZN,Amazon,2026-09-11 14:30:00,195.02
AMZN,Amazon,2026-09-11 15:00:00,194.60
AMZN,Amazon,2026-09-11 15:30:00,195.58
AMZN,Amazon,2026-09-11 16:00:00,195.97
AMZN,Amazon,2026-09-12 09:30:00,195.00
AMZN,Amazon,2026-09-12 10:00:00,193.66
AMZN,Amazon,2026-09-12 10:30:00,194.82
AMZN,Amazon,2026-09-12 11:00:00,195.35
AMZN,Amazon,2026-09-12 11:30:00,193.72
AMZN,Amazon,2026-09-12 12:00:00,192.33
AMZN,Amazon,2026-09-12 12:30:00,191.02
AMZN,Amazon,2026-09-12 13:00:00,191.29
AMZN,Amazon,2026-09-12 13:30:00,190.59
AMZN,Amazon,2026-09-12 14:00:00,189.77
AMZN,Amazon,2026-09-12 14:30:00,189.44
AMZN,Amazon,2026-09-12 15:00:00,188.98
AMZN,Amazon,2026-09-12 15:30:00,188.43
AMZN,Amazon,2026-09-12 16:00:00,189.11
TSLA,Tesla,2026-09-01 09:30:00,247.35
TSLA,Tesla,2026-09-01 10:00:00,247.07
TSLA,Tesla,2026-09-01 10:30:00,247.67
TSLA,Tesla,2026-09-01 11:00:00,247.72
TSLA,Tesla,2026-09-01 11:30:00,246.84
TSLA,Tesla,2026-09-01 12:00:00,246.32
TSLA,Tesla,2026-09-01 12:30:00,248.04
TSLA,Tesla,2026-09-01 13:00:00,245.82
TSLA,Tesla,2026-09-01 13:30:00,244.76
TSLA,Tesla,2026-09-01 14:00:00,243.56
TSLA,Tesla,2026-09-01 14:30:00,242.63
TSLA,Tesla,2026-09-01 15:00:00,240.06
TSLA,Tesla,2026-09-01 15:30:00,240.53
TSLA,Tesla,2026-09-01 16:00:00,241.41
TSLA,Tesla,2026-09-02 09:30:00,241.04
TSLA,Tesla,2026-09-02 10:00:00,242.57
TSLA,Tesla,2026-09-02 10:30:00,241.68
TSLA,Tesla,2026-09-02 11:00:00,242.10
TSLA,Tesla,2026-09-02 11:30:00,242.63
TSLA,Tesla,2026-09-02 12:00:00,241.31
TSLA,Tesla,2026-09-02 12:30:00,243.86
TSLA,Tesla,2026-09-02 13:00:00,243.81
TSLA,Tesla,2026-09-02 13:30:00,246.51
TSLA,Tesla,2026-09-02 14:00:00,248.06
TSLA,Tesla,2026-09-02 14:30:00,247.70
TSLA,Tesla,2026-09-02 15:00:00,248.26
TSLA,Tesla,2026-09-02 15:30:00,246.12
TSLA,Tesla,2026-09-02 16:00:00,248.66
TSLA,Tesla,2026-09-03 09:30:00,244.72
TSLA,Tesla,2026-09-03 10:00:00,246.30
TSLA,Tesla,2026-09-03 10:30:00,245.55
TSLA,Tesla,2026-09-03 11:00:00,244.26
TSLA,Tesla,2026-09-03 11:30:00,243.96
TSLA,Tesla,2026-09-03 12:00:00,245.63
TSLA,Tesla,2026-09-03 12:30:00,247.86
TSLA,Tesla,2026-09-03 13:00:00,247.10
TSLA,Tesla,2026-09-03 13:30:00,247.83
TSLA,Tesla,2026-09-03 14:00:00,252.06
TSLA,Tesla,2026-09-03 14:30:00,250.45
TSLA,Tesla,2026-09-03 15:00:00,247.46
TSLA,Tesla,2026-09-03 15:30:00,246.99
TSLA,Tesla,2026-09-03 16:00:00,249.41
TSLA,Tesla,2026-09-04 09:30:00,248.23
TSLA,Tesla,2026-09-04 10:00:00,248.07
TSLA,Tesla,2026-09-04 10:30:00,249.76
TSLA,Tesla,2026-09-04 11:00:00,247.86
TSLA,Tesla,2026-09-04 11:30:00,247.16
TSLA,Tesla,2026-09-04 12:00:00,245.85
TSLA,Tesla,2026-09-04 12:30:00,245.07
TSLA,Tesla,2026-09-04 13:00:00,247.66
TSLA,Tesla,2026-09-04 13:30:00,247.46
TSLA,Tesla,2026-09-04 14:00:00,253.04
TSLA,Tesla,2026-09-04 14:30:00,251.87
TSLA,Tesla,2026-09-04 15:00:00,252.39
TSLA,Tesla,2026-09-04 15:30:00,249.19
TSLA,Tesla,2026-09-04 16:00:00,252.77
TSLA,Tesla,2026-09-05 09:30:00,246.87
TSLA,Tesla,2026-09-05 10:00:00,246.05
TSLA,Tesla,2026-09-05 10:30:00,247.03
TSLA,Tesla,2026-09-05 11:00:00,246.62
TSLA,Tesla,2026-09-05 11:30:00,246.99
TSLA,Tesla,2026-09-05 12:00:00,248.42
TSLA,Tesla,2026-09-05 12:30:00,247.66
TSLA,Tesla,2026-09-05 13:00:00,248.38
TSLA,Tesla,2026-09-05 13:30:00,247.62
TSLA,Tesla,2026-09-05 14:00:00,247.52
TSLA,Tesla,2026-09-05 14:30:00,245.55
TSLA,Tesla,2026-09-05 15:00:00,244.98
TSLA,Tesla,2026-09-05 15:30:00,244.84
TSLA,Tesla,2026-09-05 16:00:00,244.70
TSLA,Tesla,2026-09-06 09:30:00,247.56
TSLA,Tesla,2026-09-06 10:00:00,249.53
TSLA,Tesla,2026-09-06 10:30:00,251.81
TSLA,Tesla,2026-09-06 11:00:00,253.74
TSLA,Tesla,2026-09-06 11:30:00,256.54
TSLA,Tesla,2026-09-06 12:00:00,256.82
TSLA,Tesla,2026-09-06 12:30:00,258.55
TSLA,Tesla,2026-09-06 13:00:00,259.17
TSLA,Tesla,2026-09-06 13:30:00,261.37
TSLA,Tesla,2026-09-06 14:00:00,263.65
TSLA,Tesla,2026-09-06 14:30:00,264.04
TSLA,Tesla,2026-09-06 15:00:00,264.07
TSLA,Tesla,2026-09-06 15:30:00,266.15
TSLA,Tesla,2026-09-06 16:00:00,263.56
TSLA,Tesla,2026-09-07 09:30:00,259.68
TSLA,Tesla,2026-09-07 10:00:00,259.75
TSLA,Tesla,2026-09-07 10:30:00,256.78
TSLA,Tesla,2026-09-07 11:00:00,255.85
TSLA,Tesla,2026-09-07 11:30:00,254.21
TSLA,Tesla,2026-09-07 12:00:00,251.81
TSLA,Tesla,2026-09-07 12:30:00,250.08
TSLA,Tesla,2026-09-07 13:00:00,250.22
TSLA,Tesla,2026-09-07 13:30:00,252.12
TSLA,Tesla,2026-09-07 14:00:00,250.25
TSLA,Tesla,2026-09-07 14:30:00,251.93
TSLA,Tesla,2026-09-07 15:00:00,252.42
TSLA,Tesla,2026-09-07 15:30:00,252.78
TSLA,Tesla,2026-09-07 16:00:00,250.89
TSLA,Tesla,2026-09-08 09:30:00,248.33
TSLA,Tesla,2026-09-08 10:00:00,248.15
TSLA,Tesla,2026-09-08 10:30:00,247.86
TSLA,Tesla,2026-09-08 11:00:00,248.70
TSLA,Tesla,2026-09-08 11:30:00,246.85
TSLA,Tesla,2026-09-08 12:00:00,249.30
TSLA,Tesla,2026-09-08 12:30:00,251.35
TSLA,Tesla,2026-09-08 13:00:00,250.04
TSLA,Tesla,2026-09-08 13:30:00,249.67
TSLA,Tesla,2026-09-08 14:00:00,250.39
TSLA,Tesla,2026-09-08 14:30:00,251.50
TSLA,Tesla,2026-09-08 15:00:00,251.19
TSLA,Tesla,2026-09-08 15:30:00,250.80
TSLA,Tesla,2026-09-08 16:00:00,249.20
TSLA,Tesla,2026-09-09 09:30:00,251.58
TSLA,Tesla,2026-09-09 10:00:00,252.05
TSLA,Tesla,2026-09-09 10:30:00,252.21
TSLA,Tesla,2026-09-09 11:00:00,252.39
TSLA,Tesla,2026-09-09 11:30:00,252.22
TSLA,Tesla,2026-09-09 12:00:00,253.57
TSLA,Tesla,2026-09-09 12:30:00,253.84
TSLA,Tesla,2026-09-09 13:00:00,255.43
TSLA,Tesla,2026-09-09 13:30:00,254.02
TSLA,Tesla,2026-09-09 14:00:00,256.31
TSLA,Tesla,2026-09-09 14:30:00,255.16
TSLA,Tesla,2026-09-09 15:00:00,253.99
TSLA,Tesla,2026-09-09 15:30:00,255.77
TSLA,Tesla,2026-09-09 16:00:00,258.75
TSLA,Tesla,2026-09-10 09:30:00,256.16
TSLA,Tesla,2026-09-10 10:00:00,256.13
TSLA,Tesla,2026-09-10 10:30:00,259.37
TSLA,Tesla,2026-09-10 11:00:00,259.21
TSLA,Tesla,2026-09-10 11:30:00,259.10
TSLA,Tesla,2026-09-10 12:00:00,259.14
TSLA,Tesla,2026-09-10 12:30:00,259.39
TSLA,Tesla,2026-09-10 13:00:00,257.41
TSLA,Tesla,2026-09-10 13:30:00,257.20
TSLA,Tesla,2026-09-10 14:00:00,259.55
TSLA,Tesla,2026-09-10 14:30:00,258.24
TSLA,Tesla,2026-09-10 15:00:00,255.14
TSLA,Tesla,2026-09-10 15:30:00,256.55
TSLA,Tesla,2026-09-10 16:00:00,258.22
TSLA,Tesla,2026-09-11 09:30:00,263.61
TSLA,Tesla,2026-09-11 10:00:00,263.52
TSLA,Tesla,2026-09-11 10:30:00,262.72
TSLA,Tesla,2026-09-11 11:00:00,265.10
TSLA,Tesla,2026-09-11 11:30:00,264.49
TSLA,Tesla,2026-09-11 12:00:00,265.97
TSLA,Tesla,2026-09-11 12:30:00,265.35
TSLA,Tesla,2026-09-11 13:00:00,265.84
TSLA,Tesla,2026-09-11 13:30:00,266.33
TSLA,Tesla,2026-09-11 14:00:00,267.00
TSLA,Tesla,2026-09-11 14:30:00,265.82
TSLA,Tesla,2026-09-11 15:00:00,264.80
TSLA,Tesla,2026-09-11 15:30:00,265.70
TSLA,Tesla,2026-09-11 16:00:00,266.33
TSLA,Tesla,2026-09-12 09:30:00,267.73
TSLA,Tesla,2026-09-12 10:00:00,270.21
TSLA,Tesla,2026-09-12 10:30:00,269.65
TSLA,Tesla,2026-09-12 11:00:00,267.39
TSLA,Tesla,2026-09-12 11:30:00,266.58
TSLA,Tesla,2026-09-12 12:00:00,267.34
TSLA,Tesla,2026-09-12 12:30:00,268.07
TSLA,Tesla,2026-09-12 13:00:00,269.94
TSLA,Tesla,2026-09-12 13:30:00,267.90
TSLA,Tesla,2026-09-12 14:00:00,267.52
TSLA,Tesla,2026-09-12 14:30:00,263.63
TSLA,Tesla,2026-09-12 15:00:00,264.16
TSLA,Tesla,2026-09-12 15:30:00,264.85
TSLA,Tesla,2026-09-12 16:00:00,265.84
NVDA,NVIDIA,2026-09-01 09:30:00,121.82
NVDA,NVIDIA,2026-09-01 10:00:00,122.07
NVDA,NVIDIA,2026-09-01 10:30:00,121.94
NVDA,NVIDIA,2026-09-01 11:00:00,121.44
NVDA,NVIDIA,2026-09-01 11:30:00,121.98
NVDA,NVIDIA,2026-09-01 12:00:00,122.32
NVDA,NVIDIA,2026-09-01 12:30:00,122.06
NVDA,NVIDIA,2026-09-01 13:00:00,121.48
NVDA,NVIDIA,2026-09-01 13:30:00,121.79
NVDA,NVIDIA,2026-09-01 14:00:00,121.83
NVDA,NVIDIA,2026-09-01 14:30:00,121.87
NVDA,NVIDIA,2026-09-01 15:00:00,121.51
NVDA,NVIDIA,2026-09-01 15:30:00,122.07
NVDA,NVIDIA,2026-09-01 16:00:00,122.48
NVDA,NVIDIA,2026-09-02 09:30:00,123.71
NVDA,NVIDIA,2026-09-02 10:00:00,123.94
NVDA,NVIDIA,2026-09-02 10:30:00,124.16
NVDA,NVIDIA,2026-09-02 11:00:00,125.33
NVDA,NVIDIA,2026-09-02 11:30:00,124.14
NVDA,NVIDIA,2026-09-02 12:00:00,122.88
NVDA,NVIDIA,2026-09-02 12:30:00,123.19
NVDA,NVIDIA,2026-09-02 13:00:00,122.75
NVDA,NVIDIA,2026-09-02 13:30:00,122.99
NVDA,NVIDIA,2026-09-02 14:00:00,122.59
NVDA,NVIDIA,2026-09-02 14:30:00,121.98
NVDA,NVIDIA,2026-09-02 15:00:00,120.68
NVDA,NVIDIA,2026-09-02 15:30:00,119.52
NVDA,NVIDIA,2026-09-02 16:00:00,120.09
NVDA,NVIDIA,2026-09-03 09:30:00,119.64
NVDA,NVIDIA,2026-09-03 10:00:00,118.58
NVDA,NVIDIA,2026-09-03 10:30:00,118.17
NVDA,NVIDIA,2026-09-03 11:00:00,117.37
NVDA,NVIDIA,2026-09-03 11:30:00,117.55
NVDA,NVIDIA,2026-09-03 12:00:00,119.15
NVDA,NVIDIA,2026-09-03 12:30:00,119.49
NVDA,NVIDIA,2026-09-03 13:00:00,118.76
NVDA,NVIDIA,2026-09-03 13:30:00,120.02
NVDA,NVIDIA,2026-09-03 14:00:00,119.97
NVDA,NVIDIA,2026-09-03 14:30:00,119.89
NVDA,NVIDIA,2026-09-03 15:00:00,120.63
NVDA,NVIDIA,2026-09-03 15:30:00,120.59
NVDA,NVIDIA,2026-09-03 16:00:00,120.52
NVDA,NVIDIA,2026-09-04 09:30:00,119.27
NVDA,NVIDIA,2026-09-04 10:00:00,119.80
NVDA,NVIDIA,2026-09-04 10:30:00,120.56
NVDA,NVIDIA,2026-09-04 11:00:00,119.92
NVDA,NVIDIA,2026-09-04 11:30:00,120.07
NVDA,NVIDIA,2026-09-04 12:00:00,120.19
NVDA,NVIDIA,2026-09-04 12:30:00,120.34
NVDA,NVIDIA,2026-09-04 13:00:00,120.34
NVDA,NVIDIA,2026-09-04 13:30:00,120.80
NVDA,NVIDIA,2026-09-04 14:00:00,121.03
NVDA,NVIDIA,2026-09-04 14:30:00,121.61
NVDA,NVIDIA,2026-09-04 15:00:00,121.74
NVDA,NVIDIA,2026-09-04 15:30:00,122.56
NVDA,NVIDIA,2026-09-04 16:00:00,121.97
NVDA,NVIDIA,2026-09-05 09:30:00,122.69
NVDA,NVIDIA,2026-09-05 10:00:00,122.49
NVDA,NVIDIA,2026-09-05 10:30:00,122.94
NVDA,NVIDIA,2026-09-05 11:00:00,123.86
NVDA,NVIDIA,2026-09-05 11:30:00,125.09
NVDA,NVIDIA,2026-09-05 12:00:00,125.24
NVDA,NVIDIA,2026-09-05 12:30:00,124.58
NVDA,NVIDIA,2026-09-05 13:00:00,123.95
NVDA,NVIDIA,2026-09-05 13:30:00,124.40
NVDA,NVIDIA,2026-09-05 14:00:00,123.83
NVDA,NVIDIA,2026-09-05 14:30:00,125.20
NVDA,NVIDIA,2026-09-05 15:00:00,126.78
NVDA,NVIDIA,2026-09-05 15:30:00,126.13
NVDA,NVIDIA,2026-09-05 16:00:00,126.86
NVDA,NVIDIA,2026-09-06 09:30:00,127.01
NVDA,NVIDIA,2026-09-06 10:00:00,127.53
NVDA,NVIDIA,2026-09-06 10:30:00,128.55
NVDA,NVIDIA,2026-09-06 11:00:00,128.65
NVDA,NVIDIA,2026-09-06 11:30:00,128.72
NVDA,NVIDIA,2026-09-06 12:00:00,129.32
NVDA,NVIDIA,2026-09-06 12:30:00,128.59
NVDA,NVIDIA,2026-09-06 13:00:00,128.89
NVDA,NVIDIA,2026-09-06 13:30:00,129.00
NVDA,NVIDIA,2026-09-06 14:00:00,128.99
NVDA,NVIDIA,2026-09-06 14:30:00,128.17
NVDA,NVIDIA,2026-09-06 15:00:00,128.11
NVDA,NVIDIA,2026-09-06 15:30:00,127.40
NVDA,NVIDIA,2026-09-06 16:00:00,127.34
NVDA,NVIDIA,2026-09-07 09:30:00,127.87
NVDA,NVIDIA,2026-09-07 10:00:00,128.10
NVDA,NVIDIA,2026-09-07 10:30:00,128.35
NVDA,NVIDIA,2026-09-07 11:00:00,127.73
NVDA,NVIDIA,2026-09-07 11:30:00,127.77
NVDA,NVIDIA,2026-09-07 12:00:00,127.32
NVDA,NVIDIA,2026-09-07 12:30:00,128.09
NVDA,NVIDIA,2026-09-07 13:00:00,128.87
NVDA,NVIDIA,2026-09-07 13:30:00,127.92
NVDA,NVIDIA,2026-09-07 14:00:00,127.31
NVDA,NVIDIA,2026-09-07 14:30:00,127.02
NVDA,NVIDIA,2026-09-07 15:00:00,126.66
NVDA,NVIDIA,2026-09-07 15:30:00,127.11
NVDA,NVIDIA,2026-09-07 16:00:00,126.40
NVDA,NVIDIA,2026-09-08 09:30:00,126.91
NVDA,NVIDIA,2026-09-08 10:00:00,127.69
NVDA,NVIDIA,2026-09-08 10:30:00,127.12
NVDA,NVIDIA,2026-09-08 11:00:00,127.05
NVDA,NVIDIA,2026-09-08 11:30:00,127.57
NVDA,NVIDIA,2026-09-08 12:00:00,128.00
NVDA,NVIDIA,2026-09-08 12:30:00,128.03
NVDA,NVIDIA,2026-09-08 13:00:00,128.10
NVDA,NVIDIA,2026-09-08 13:30:00,128.58
NVDA,NVIDIA,2026-09-08 14:00:00,127.41
NVDA,NVIDIA,2026-09-08 14:30:00,128.26
NVDA,NVIDIA,2026-09-08 15:00:00,127.86
NVDA,NVIDIA,2026-09-08 15:30:00,128.84
NVDA,NVIDIA,2026-09-08 16:00:00,128.65
NVDA,NVIDIA,2026-09-09 09:30:00,127.51
NVDA,NVIDIA,2026-09-09 10:00:00,126.72
NVDA,NVIDIA,2026-09-09 10:30:00,126.32
NVDA,NVIDIA,2026-09-09 11:00:00,126.17
NVDA,NVIDIA,2026-09-09 11:30:00,126.05
NVDA,NVIDIA,2026-09-09 12:00:00,124.73
NVDA,NVIDIA,2026-09-09 12:30:00,124.53
NVDA,NVIDIA,2026-09-09 13:00:00,126.54
NVDA,NVIDIA,2026-09-09 13:30:00,126.38
NVDA,NVIDIA,2026-09-09 14:00:00,125.89
NVDA,NVIDIA,2026-09-09 14:30:00,125.99
NVDA,NVIDIA,2026-09-09 15:00:00,125.39
NVDA,NVIDIA,2026-09-09 15:30:00,125.65
NVDA,NVIDIA,2026-09-09 16:00:00,126.48
NVDA,NVIDIA,2026-09-10 09:30:00,127.55
NVDA,NVIDIA,2026-09-10 10:00:00,127.21
NVDA,NVIDIA,2026-09-10 10:30:00,126.62
NVDA,NVIDIA,2026-09-10 11:00:00,125.92
NVDA,NVIDIA,2026-09-10 11:30:00,127.57
NVDA,NVIDIA,2026-09-10 12:00:00,127.57
NVDA,NVIDIA,2026-09-10 12:30:00,126.91
NVDA,NVIDIA,2026-09-10 13:00:00,127.53
NVDA,NVIDIA,2026-09-10 13:30:00,127.20
NVDA,NVIDIA,2026-09-10 14:00:00,127.37
NVDA,NVIDIA,2026-09-10 14:30:00,126.52
NVDA,NVIDIA,2026-09-10 15:00:00,128.00
NVDA,NVIDIA,2026-09-10 15:30:00,127.62
NVDA,NVIDIA,2026-09-10 16:00:00,129.07
NVDA,NVIDIA,2026-09-11 09:30:00,128.52
NVDA,NVIDIA,2026-09-11 10:00:00,128.09
NVDA,NVIDIA,2026-09-11 10:30:00,127.77
NVDA,NVIDIA,2026-09-11 11:00:00,129.25
NVDA,NVIDIA,2026-09-11 11:30:00,127.88
NVDA,NVIDIA,2026-09-11 12:00:00,127.56
NVDA,NVIDIA,2026-09-11 12:30:00,127.49
NVDA,NVIDIA,2026-09-11 13:00:00,127.05
NVDA,NVIDIA,2026-09-11 13:30:00,126.72
NVDA,NVIDIA,2026-09-11 14:00:00,126.08
NVDA,NVIDIA,2026-09-11 14:30:00,125.49
NVDA,NVIDIA,2026-09-11 15:00:00,126.00
NVDA,NVIDIA,2026-09-11 15:30:00,126.52
NVDA,NVIDIA,2026-09-11 16:00:00,127.23
NVDA,NVIDIA,2026-09-12 09:30:00,125.53
NVDA,NVIDIA,2026-09-12 10:00:00,125.52
NVDA,NVIDIA,2026-09-12 10:30:00,124.61
NVDA,NVIDIA,2026-09-12 11:00:00,125.19
NVDA,NVIDIA,2026-09-12 11:30:00,124.64
NVDA,NVIDIA,2026-09-12 12:00:00,125.06
NVDA,NVIDIA,2026-09-12 12:30:00,125.12
NVDA,NVIDIA,2026-09-12 13:00:00,126.33
NVDA,NVIDIA,2026-09-12 13:30:00,126.70
NVDA,NVIDIA,2026-09-12 14:00:00,125.55
NVDA,NVIDIA,2026-09-12 14:30:00,126.07
NVDA,NVIDIA,2026-09-12 15:00:00,125.00
NVDA,NVIDIA,2026-09-12 15:30:00,123.91
NVDA,NVIDIA,2026-09-12 16:00:00,124.95
META,Meta,2026-09-01 09:30:00,504.14
META,Meta,2026-09-01 10:00:00,503.73
META,Meta,2026-09-01 10:30:00,498.87
META,Meta,2026-09-01 11:00:00,496.36
META,Meta,2026-09-01 11:30:00,496.58
META,Meta,2026-09-01 12:00:00,497.00
META,Meta,2026-09-01 12:30:00,495.93
META,Meta,2026-09-01 13:00:00,496.81
META,Meta,2026-09-01 13:30:00,497.28
META,Meta,2026-09-01 14:00:00,499.80
META,Meta,2026-09-01 14:30:00,500.23
META,Meta,2026-09-01 15:00:00,504.12
META,Meta,2026-09-01 15:30:00,502.87
META,Meta,2026-09-01 16:00:00,503.34
META,Meta,2026-09-02 09:30:00,499.42
META,Meta,2026-09-02 10:00:00,502.36
META,Meta,2026-09-02 10:30:00,500.71
META,Meta,2026-09-02 11:00:00,504.55
META,Meta,2026-09-02 11:30:00,503.59
META,Meta,2026-09-02 12:00:00,500.29
META,Meta,2026-09-02 12:30:00,500.93
META,Meta,2026-09-02 13:00:00,502.67
META,Meta,2026-09-02 13:30:00,506.00
META,Meta,2026-09-02 14:00:00,504.38
META,Meta,2026-09-02 14:30:00,500.58
META,Meta,2026-09-02 15:00:00,500.26
META,Meta,2026-09-02 15:30:00,498.02
META,Meta,2026-09-02 16:00:00,500.24
META,Meta,2026-09-03 09:30:00,499.71
META,Meta,2026-09-03 10:00:00,495.93
META,Meta,2026-09-03 10:30:00,495.19
META,Meta,2026-09-03 11:00:00,494.11
META,Meta,2026-09-03 11:30:00,493.80
META,Meta,2026-09-03 12:00:00,493.13
META,Meta,2026-09-03 12:30:00,493.18
META,Meta,2026-09-03 13:00:00,489.85
META,Meta,2026-09-03 13:30:00,487.94
META,Meta,2026-09-03 14:00:00,487.57
META,Meta,2026-09-03 14:30:00,489.11
META,Meta,2026-09-03 15:00:00,491.86
META,Meta,2026-09-03 15:30:00,490.47
META,Meta,2026-09-03 16:00:00,489.94
META,Meta,2026-09-04 09:30:00,487.41
META,Meta,2026-09-04 10:00:00,484.88
META,Meta,2026-09-04 10:30:00,485.66
META,Meta,2026-09-04 11:00:00,482.44
META,Meta,2026-09-04 11:30:00,477.56
META,Meta,2026-09-04 12:00:00,476.11
META,Meta,2026-09-04 12:30:00,478.58
META,Meta,2026-09-04 13:00:00,476.81
META,Meta,2026-09-04 13:30:00,477.13
META,Meta,2026-09-04 14:00:00,473.43
META,Meta,2026-09-04 14:30:00,473.17
META,Meta,2026-09-04 15:00:00,474.47
META,Meta,2026-09-04 15:30:00,476.68
META,Meta,2026-09-04 16:00:00,477.24
META,Meta,2026-09-05 09:30:00,476.67
META,Meta,2026-09-05 10:00:00,477.16
META,Meta,2026-09-05 10:30:00,481.12
META,Meta,2026-09-05 11:00:00,483.60
META,Meta,2026-09-05 11:30:00,483.59
META,Meta,2026-09-05 12:00:00,479.58
META,Meta,2026-09-05 12:30:00,480.72
META,Meta,2026-09-05 13:00:00,481.84
META,Meta,2026-09-05 13:30:00,481.24
META,Meta,2026-09-05 14:00:00,479.37
META,Meta,2026-09-05 14:30:00,478.31
META,Meta,2026-09-05 15:00:00,479.19
META,Meta,2026-09-05 15:30:00,481.18
META,Meta,2026-09-05 16:00:00,480.22
META,Meta,2026-09-06 09:30:00,479.57
META,Meta,2026-09-06 10:00:00,479.28
META,Meta,2026-09-06 10:30:00,484.11
META,Meta,2026-09-06 11:00:00,484.06
META,Meta,2026-09-06 11:30:00,484.26
META,Meta,2026-09-06 12:00:00,485.31
META,Meta,2026-09-06 12:30:00,485.67
META,Meta,2026-09-06 13:00:00,486.63
META,Meta,2026-09-06 13:30:00,489.38
META,Meta,2026-09-06 14:00:00,489.98
META,Meta,2026-09-06 14:30:00,487.17
META,Meta,2026-09-06 15:00:00,485.40
META,Meta,2026-09-06 15:30:00,483.77
META,Meta,2026-09-06 16:00:00,483.32
META,Meta,2026-09-07 09:30:00,488.92
META,Meta,2026-09-07 10:00:00,490.04
META,Meta,2026-09-07 10:30:00,490.31
META,Meta,2026-09-07 11:00:00,484.52
META,Meta,2026-09-07 11:30:00,482.36
META,Meta,2026-09-07 12:00:00,479.52
META,Meta,2026-09-07 12:30:00,480.21
META,Meta,2026-09-07 13:00:00,476.99
META,Meta,2026-09-07 13:30:00,474.21
META,Meta,2026-09-07 14:00:00,477.92
META,Meta,2026-09-07 14:30:00,478.80
META,Meta,2026-09-07 15:00:00,475.85
META,Meta,2026-09-07 15:30:00,473.06
META,Meta,2026-09-07 16:00:00,471.64
META,Meta,2026-09-08 09:30:00,467.49
META,Meta,2026-09-08 10:00:00,469.56
META,Meta,2026-09-08 10:30:00,474.08
META,Meta,2026-09-08 11:00:00,473.55
META,Meta,2026-09-08 11:30:00,471.25
META,Meta,2026-09-08 12:00:00,476.02
META,Meta,2026-09-08 12:30:00,474.61
META,Meta,2026-09-08 13:00:00,473.79
META,Meta,2026-09-08 13:30:00,474.86
META,Meta,2026-09-08 14:00:00,472.51
META,Meta,2026-09-08 14:30:00,469.65
META,Meta,2026-09-08 15:00:00,468.34
META,Meta,2026-09-08 15:30:00,467.34
META,Meta,2026-09-08 16:00:00,464.84
META,Meta,2026-09-09 09:30:00,468.66
META,Meta,2026-09-09 10:00:00,467.66
META,Meta,2026-09-09 10:30:00,466.81
META,Meta,2026-09-09 11:00:00,467.37
META,Meta,2026-09-09 11:30:00,472.06
META,Meta,2026-09-09 12:00:00,472.45
META,Meta,2026-09-09 12:30:00,472.08
META,Meta,2026-09-09 13:00:00,473.96
META,Meta,2026-09-09 13:30:00,475.76
META,Meta,2026-09-09 14:00:00,471.19
META,Meta,2026-09-09 14:30:00,468.75
META,Meta,2026-09-09 15:00:00,468.56
META,Meta,2026-09-09 15:30:00,466.90
META,Meta,2026-09-09 16:00:00,464.71
META,Meta,2026-09-10 09:30:00,465.32
META,Meta,2026-09-10 10:00:00,467.07
META,Meta,2026-09-10 10:30:00,468.59
META,Meta,2026-09-10 11:00:00,469.25
META,Meta,2026-09-10 11:30:00,469.81
META,Meta,2026-09-10 12:00:00,472.14
META,Meta,2026-09-10 12:30:00,474.41
META,Meta,2026-09-10 13:00:00,472.50
META,Meta,2026-09-10 13:30:00,474.98
META,Meta,2026-09-10 14:00:00,474.97
META,Meta,2026-09-10 14:30:00,472.90
META,Meta,2026-09-10 15:00:00,472.46
META,Meta,2026-09-10 15:30:00,472.65
META,Meta,2026-09-10 16:00:00,475.30
META,Meta,2026-09-11 09:30:00,473.75
META,Meta,2026-09-11 10:00:00,474.87
META,Meta,2026-09-11 10:30:00,477.07
META,Meta,2026-09-11 11:00:00,477.30
META,Meta,2026-09-11 11:30:00,477.09
META,Meta,2026-09-11 12:00:00,480.97
META,Meta,2026-09-11 12:30:00,481.18
META,Meta,2026-09-11 13:00:00,479.51
META,Meta,2026-09-11 13:30:00,481.10
META,Meta,2026-09-11 14:00:00,481.95
META,Meta,2026-09-11 14:30:00,481.03
META,Meta,2026-09-11 15:00:00,482.13
META,Meta,2026-09-11 15:30:00,482.83
META,Meta,2026-09-11 16:00:00,480.40
META,Meta,2026-09-12 09:30:00,483.49
META,Meta,2026-09-12 10:00:00,482.64
META,Meta,2026-09-12 10:30:00,481.01
META,Meta,2026-09-12 11:00:00,483.01
META,Meta,2026-09-12 11:30:00,482.27
META,Meta,2026-09-12 12:00:00,483.38
META,Meta,2026-09-12 12:30:00,484.14
META,Meta,2026-09-12 13:00:00,483.31
META,Meta,2026-09-12 13:30:00,484.00
META,Meta,2026-09-12 14:00:00,481.10
META,Meta,2026-09-12 14:30:00,483.16
META,Meta,2026-09-12 15:00:00,480.35
META,Meta,2026-09-12 15:30:00,481.63
META,Meta,2026-09-12 16:00:00,482.68
NFLX,Netflix,2026-09-01 09:30:00,619.18
NFLX,Netflix,2026-09-01 10:00:00,620.00
NFLX,Netflix,2026-09-01 10:30:00,619.79
NFLX,Netflix,2026-09-01 11:00:00,620.46
NFLX,Netflix,2026-09-01 11:30:00,621.24
NFLX,Netflix,2026-09-01 12:00:00,623.28
NFLX,Netflix,2026-09-01 12:30:00,619.32
NFLX,Netflix,2026-09-01 13:00:00,617.27
NFLX,Netflix,2026-09-01 13:30:00,618.59
NFLX,Netflix,2026-09-01 14:00:00,620.15
NFLX,Netflix,2026-09-01 14:30:00,615.18
NFLX,Netflix,2026-09-01 15:00:00,615.92
NFLX,Netflix,2026-09-01 15:30:00,614.37
NFLX,Netflix,2026-09-01 16:00:00,614.29
NFLX,Netflix,2026-09-02 09:30:00,611.97
NFLX,Netflix,2026-09-02 10:00:00,611.97
NFLX,Netflix,2026-09-02 10:30:00,611.84
NFLX,Netflix,2026-09-02 11:00:00,612.29
NFLX,Netflix,2026-09-02 11:30:00,606.90
NFLX,Netflix,2026-09-02 12:00:00,606.69
NFLX,Netflix,2026-09-02 12:30:00,608.21
NFLX,Netflix,2026-09-02 13:00:00,609.41
NFLX,Netflix,2026-09-02 13:30:00,611.24
NFLX,Netflix,2026-09-02 14:00:00,613.50
NFLX,Netflix,2026-09-02 14:30:00,610.97
NFLX,Netflix,2026-09-02 15:00:00,610.26
NFLX,Netflix,2026-09-02 15:30:00,612.74
NFLX,Netflix,2026-09-02 16:00:00,616.63
NFLX,Netflix,2026-09-03 09:30:00,621.08
NFLX,Netflix,2026-09-03 10:00:00,621.11
NFLX,Netflix,2026-09-03 10:30:00,615.71
NFLX,Netflix,2026-09-03 11:00:00,615.11
NFLX,Netflix,2026-09-03 11:30:00,614.43
NFLX,Netflix,2026-09-03 12:00:00,614.93
NFLX,Netflix,2026-09-03 12:30:00,613.25
NFLX,Netflix,2026-09-03 13:00:00,615.09
NFLX,Netflix,2026-09-03 13:30:00,616.34
NFLX,Netflix,2026-09-03 14:00:00,617.62
NFLX,Netflix,2026-09-03 14:30:00,615.56
NFLX,Netflix,2026-09-03 15:00:00,619.95
NFLX,Netflix,2026-09-03 15:30:00,619.09
NFLX,Netflix,2026-09-03 16:00:00,616.14
NFLX,Netflix,2026-09-04 09:30:00,628.69
NFLX,Netflix,2026-09-04 10:00:00,625.36
NFLX,Netflix,2026-09-04 10:30:00,627.00
NFLX,Netflix,2026-09-04 11:00:00,624.45
NFLX,Netflix,2026-09-04 11:30:00,627.04
NFLX,Netflix,2026-09-04 12:00:00,626.55
NFLX,Netflix,2026-09-04 12:30:00,629.72
NFLX,Netflix,2026-09-04 13:00:00,628.78
NFLX,Netflix,2026-09-04 13:30:00,631.17
NFLX,Netflix,2026-09-04 14:00:00,631.08
NFLX,Netflix,2026-09-04 14:30:00,630.08
NFLX,Netflix,2026-09-04 15:00:00,634.80
NFLX,Netflix,2026-09-04 15:30:00,640.16
NFLX,Netflix,2026-09-04 16:00:00,639.64
NFLX,Netflix,2026-09-05 09:30:00,637.31
NFLX,Netflix,2026-09-05 10:00:00,635.53
NFLX,Netflix,2026-09-05 10:30:00,634.18
NFLX,Netflix,2026-09-05 11:00:00,633.95
NFLX,Netflix,2026-09-05 11:30:00,632.09
NFLX,Netflix,2026-09-05 12:00:00,631.86
NFLX,Netflix,2026-09-05 12:30:00,633.64
NFLX,Netflix,2026-09-05 13:00:00,636.35
NFLX,Netflix,2026-09-05 13:30:00,636.97
NFLX,Netflix,2026-09-05 14:00:00,642.15
NFLX,Netflix,2026-09-05 14:30:00,638.22
NFLX,Netflix,2026-09-05 15:00:00,637.66
NFLX,Netflix,2026-09-05 15:30:00,637.79
NFLX,Netflix,2026-09-05 16:00:00,637.48
NFLX,Netflix,2026-09-06 09:30:00,639.29
NFLX,Netflix,2026-09-06 10:00:00,638.06
NFLX,Netflix,2026-09-06 10:30:00,638.71
NFLX,Netflix,2026-09-06 11:00:00,637.30
NFLX,Netflix,2026-09-06 11:30:00,635.39
NFLX,Netflix,2026-09-06 12:00:00,638.55
NFLX,Netflix,2026-09-06 12:30:00,642.15
NFLX,Netflix,2026-09-06 13:00:00,637.85
NFLX,Netflix,2026-09-06 13:30:00,640.34
NFLX,Netflix,2026-09-06 14:00:00,643.25
NFLX,Netflix,2026-09-06 14:30:00,644.97
NFLX,Netflix,2026-09-06 15:00:00,645.67
NFLX,Netflix,2026-09-06 15:30:00,652.26
NFLX,Netflix,2026-09-06 16:00:00,651.59
NFLX,Netflix,2026-09-07 09:30:00,653.83
NFLX,Netflix,2026-09-07 10:00:00,653.80
NFLX,Netflix,2026-09-07 10:30:00,653.87
NFLX,Netflix,2026-09-07 11:00:00,654.59
NFLX,Netflix,2026-09-07 11:30:00,654.12
NFLX,Netflix,2026-09-07 12:00:00,660.97
NFLX,Netflix,2026-09-07 12:30:00,658.50
NFLX,Netflix,2026-09-07 13:00:00,659.27
NFLX,Netflix,2026-09-07 13:30:00,655.65
NFLX,Netflix,2026-09-07 14:00:00,657.03
NFLX,Netflix,2026-09-07 14:30:00,659.08
NFLX,Netflix,2026-09-07 15:00:00,656.14
NFLX,Netflix,2026-09-07 15:30:00,654.19
NFLX,Netflix,2026-09-07 16:00:00,651.47
NFLX,Netflix,2026-09-08 09:30:00,651.17
NFLX,Netflix,2026-09-08 10:00:00,651.93
NFLX,Netflix,2026-09-08 10:30:00,647.82
NFLX,Netflix,2026-09-08 11:00:00,649.62
NFLX,Netflix,2026-09-08 11:30:00,654.48
NFLX,Netflix,2026-09-08 12:00:00,655.96
NFLX,Netflix,2026-09-08 12:30:00,660.03
NFLX,Netflix,2026-09-08 13:00:00,658.93
NFLX,Netflix,2026-09-08 13:30:00,660.99
NFLX,Netflix,2026-09-08 14:00:00,661.10
NFLX,Netflix,2026-09-08 14:30:00,659.72
NFLX,Netflix,2026-09-08 15:00:00,659.43
NFLX,Netflix,2026-09-08 15:30:00,663.15
NFLX,Netflix,2026-09-08 16:00:00,667.57
NFLX,Netflix,2026-09-09 09:30:00,676.79
NFLX,Netflix,2026-09-09 10:00:00,675.71
NFLX,Netflix,2026-09-09 10:30:00,679.25
NFLX,Netflix,2026-09-09 11:00:00,678.18
NFLX,Netflix,2026-09-09 11:30:00,681.44
NFLX,Netflix,2026-09-09 12:00:00,686.63
NFLX,Netflix,2026-09-09 12:30:00,690.45
NFLX,Netflix,2026-09-09 13:00:00,689.32
NFLX,Netflix,2026-09-09 13:30:00,688.32
NFLX,Netflix,2026-09-09 14:00:00,690.36
NFLX,Netflix,2026-09-09 14:30:00,691.26
NFLX,Netflix,2026-09-09 15:00:00,692.62
NFLX,Netflix,2026-09-09 15:30:00,690.70
NFLX,Netflix,2026-09-09 16:00:00,686.29
NFLX,Netflix,2026-09-10 09:30:00,691.82
NFLX,Netflix,2026-09-10 10:00:00,694.99
NFLX,Netflix,2026-09-10 10:30:00,696.17
NFLX,Netflix,2026-09-10 11:00:00,695.18
NFLX,Netflix,2026-09-10 11:30:00,694.82
NFLX,Netflix,2026-09-10 12:00:00,694.06
NFLX,Netflix,2026-09-10 12:30:00,695.93
NFLX,Netflix,2026-09-10 13:00:00,693.15
NFLX,Netflix,2026-09-10 13:30:00,695.99
NFLX,Netflix,2026-09-10 14:00:00,690.53
NFLX,Netflix,2026-09-10 14:30:00,694.06
NFLX,Netflix,2026-09-10 15:00:00,694.22
NFLX,Netflix,2026-09-10 15:30:00,694.41
NFLX,Netflix,2026-09-10 16:00:00,692.57
NFLX,Netflix,2026-09-11 09:30:00,693.53
NFLX,Netflix,2026-09-11 10:00:00,690.84
NFLX,Netflix,2026-09-11 10:30:00,690.73
NFLX,Netflix,2026-09-11 11:00:00,695.12
NFLX,Netflix,2026-09-11 11:30:00,695.40
NFLX,Netflix,2026-09-11 12:00:00,699.94
NFLX,Netflix,2026-09-11 12:30:00,700.91
NFLX,Netflix,2026-09-11 13:00:00,695.70
NFLX,Netflix,2026-09-11 13:30:00,694.66
NFLX,Netflix,2026-09-11 14:00:00,693.55
NFLX,Netflix,2026-09-11 14:30:00,694.41
NFLX,Netflix,2026-09-11 15:00:00,693.82
NFLX,Netflix,2026-09-11 15:30:00,693.06
NFLX,Netflix,2026-09-11 16:00:00,685.51
NFLX,Netflix,2026-09-12 09:30:00,686.97
NFLX,Netflix,2026-09-12 10:00:00,686.31
NFLX,Netflix,2026-09-12 10:30:00,684.06
NFLX,Netflix,2026-09-12 11:00:00,683.90
NFLX,Netflix,2026-09-12 11:30:00,685.77
NFLX,Netflix,2026-09-12 12:00:00,679.03
NFLX,Netflix,2026-09-12 12:30:00,682.64
NFLX,Netflix,2026-09-12 13:00:00,679.04
NFLX,Netflix,2026-09-12 13:30:00,679.59
NFLX,Netflix,2026-09-12 14:00:00,677.50
NFLX,Netflix,2026-09-12 14:30:00,674.40
NFLX,Netflix,2026-09-12 15:00:00,674.38
NFLX,Netflix,2026-09-12 15:30:00,673.95
NFLX,Netflix,2026-09-12 16:00:00,666.77
AMD,AMD,2026-09-01 09:30:00,165.98
AMD,AMD,2026-09-01 10:00:00,167.42
AMD,AMD,2026-09-01 10:30:00,165.92
AMD,AMD,2026-09-01 11:00:00,165.75
AMD,AMD,2026-09-01 11:30:00,167.35
AMD,AMD,2026-09-01 12:00:00,168.67
AMD,AMD,2026-09-01 12:30:00,170.07
AMD,AMD,2026-09-01 13:00:00,171.49
AMD,AMD,2026-09-01 13:30:00,173.06
AMD,AMD,2026-09-01 14:00:00,172.75
AMD,AMD,2026-09-01 14:30:00,171.19
AMD,AMD,2026-09-01 15:00:00,171.51
AMD,AMD,2026-09-01 15:30:00,170.96
AMD,AMD,2026-09-01 16:00:00,170.44
AMD,AMD,2026-09-02 09:30:00,171.30
AMD,AMD,2026-09-02 10:00:00,170.74
AMD,AMD,2026-09-02 10:30:00,171.22
AMD,AMD,2026-09-02 11:00:00,170.43
AMD,AMD,2026-09-02 11:30:00,171.21
AMD,AMD,2026-09-02 12:00:00,170.94
AMD,AMD,2026-09-02 12:30:00,171.51
AMD,AMD,2026-09-02 13:00:00,170.74
AMD,AMD,2026-09-02 13:30:00,169.82
AMD,AMD,2026-09-02 14:00:00,171.07
AMD,AMD,2026-09-02 14:30:00,170.68
AMD,AMD,2026-09-02 15:00:00,170.87
AMD,AMD,2026-09-02 15:30:00,169.55
AMD,AMD,2026-09-02 16:00:00,169.22
AMD,AMD,2026-09-03 09:30:00,168.56
AMD,AMD,2026-09-03 10:00:00,168.12
AMD,AMD,2026-09-03 10:30:00,169.25
AMD,AMD,2026-09-03 11:00:00,170.00
AMD,AMD,2026-09-03 11:30:00,169.94
AMD,AMD,2026-09-03 12:00:00,170.29
AMD,AMD,2026-09-03 12:30:00,169.76
AMD,AMD,2026-09-03 13:00:00,170.53
AMD,AMD,2026-09-03 13:30:00,169.43
AMD,AMD,2026-09-03 14:00:00,169.20
AMD,AMD,2026-09-03 14:30:00,168.28
AMD,AMD,2026-09-03 15:00:00,167.24
AMD,AMD,2026-09-03 15:30:00,167.67
AMD,AMD,2026-09-03 16:00:00,167.52
AMD,AMD,2026-09-04 09:30:00,171.25
AMD,AMD,2026-09-04 10:00:00,171.85
AMD,AMD,2026-09-04 10:30:00,172.19
AMD,AMD,2026-09-04 11:00:00,172.43
AMD,AMD,2026-09-04 11:30:00,174.08
AMD,AMD,2026-09-04 12:00:00,174.57
AMD,AMD,2026-09-04 12:30:00,174.82
AMD,AMD,2026-09-04 13:00:00,175.17
AMD,AMD,2026-09-04 13:30:00,177.20
AMD,AMD,2026-09-04 14:00:00,176.87
AMD,AMD,2026-09-04 14:30:00,176.11
AMD,AMD,2026-09-04 15:00:00,176.85
AMD,AMD,2026-09-04 15:30:00,176.79
AMD,AMD,2026-09-04 16:00:00,175.57
AMD,AMD,2026-09-05 09:30:00,176.28
AMD,AMD,2026-09-05 10:00:00,176.48
AMD,AMD,2026-09-05 10:30:00,176.59
AMD,AMD,2026-09-05 11:00:00,175.42
AMD,AMD,2026-09-05 11:30:00,175.78
AMD,AMD,2026-09-05 12:00:00,175.09
AMD,AMD,2026-09-05 12:30:00,174.56
AMD,AMD,2026-09-05 13:00:00,175.20
AMD,AMD,2026-09-05 13:30:00,176.38
AMD,AMD,2026-09-05 14:00:00,176.30
AMD,AMD,2026-09-05 14:30:00,176.65
AMD,AMD,2026-09-05 15:00:00,176.49
AMD,AMD,2026-09-05 15:30:00,177.57
AMD,AMD,2026-09-05 16:00:00,177.46
AMD,AMD,2026-09-06 09:30:00,179.20
AMD,AMD,2026-09-06 10:00:00,178.84
AMD,AMD,2026-09-06 10:30:00,177.75
AMD,AMD,2026-09-06 11:00:00,178.71
AMD,AMD,2026-09-06 11:30:00,178.68
AMD,AMD,2026-09-06 12:00:00,178.65
AMD,AMD,2026-09-06 12:30:00,178.41
AMD,AMD,2026-09-06 13:00:00,179.10
AMD,AMD,2026-09-06 13:30:00,178.07
AMD,AMD,2026-09-06 14:00:00,178.12
AMD,AMD,2026-09-06 14:30:00,178.79
AMD,AMD,2026-09-06 15:00:00,177.76
AMD,AMD,2026-09-06 15:30:00,179.39
AMD,AMD,2026-09-06 16:00:00,179.63
AMD,AMD,2026-09-07 09:30:00,177.02
AMD,AMD,2026-09-07 10:00:00,174.67
AMD,AMD,2026-09-07 10:30:00,174.21
AMD,AMD,2026-09-07 11:00:00,175.85
AMD,AMD,2026-09-07 11:30:00,176.98
AMD,AMD,2026-09-07 12:00:00,177.56
AMD,AMD,2026-09-07 12:30:00,176.30
AMD,AMD,2026-09-07 13:00:00,177.23
AMD,AMD,2026-09-07 13:30:00,177.55
AMD,AMD,2026-09-07 14:00:00,177.24
AMD,AMD,2026-09-07 14:30:00,176.99
AMD,AMD,2026-09-07 15:00:00,176.44
AMD,AMD,2026-09-07 15:30:00,176.72
AMD,AMD,2026-09-07 16:00:00,176.61
AMD,AMD,2026-09-08 09:30:00,175.24
AMD,AMD,2026-09-08 10:00:00,175.01
AMD,AMD,2026-09-08 10:30:00,175.08
AMD,AMD,2026-09-08 11:00:00,177.35
AMD,AMD,2026-09-08 11:30:00,177.49
AMD,AMD,2026-09-08 12:00:00,178.41
AMD,AMD,2026-09-08 12:30:00,175.47
AMD,AMD,2026-09-08 13:00:00,174.82
AMD,AMD,2026-09-08 13:30:00,175.83
AMD,AMD,2026-09-08 14:00:00,177.17
AMD,AMD,2026-09-08 14:30:00,177.27
AMD,AMD,2026-09-08 15:00:00,178.63
AMD,AMD,2026-09-08 15:30:00,178.36
AMD,AMD,2026-09-08 16:00:00,177.08
AMD,AMD,2026-09-09 09:30:00,178.62
AMD,AMD,2026-09-09 10:00:00,179.06
AMD,AMD,2026-09-09 10:30:00,177.74
AMD,AMD,2026-09-09 11:00:00,178.87
AMD,AMD,2026-09-09 11:30:00,177.81
AMD,AMD,2026-09-09 12:00:00,179.19
AMD,AMD,2026-09-09 12:30:00,178.62
AMD,AMD,2026-09-09 13:00:00,177.87
AMD,AMD,2026-09-09 13:30:00,177.88
AMD,AMD,2026-09-09 14:00:00,177.24
AMD,AMD,2026-09-09 14:30:00,176.97
AMD,AMD,2026-09-09 15:00:00,177.91
AMD,AMD,2026-09-09 15:30:00,179.61
AMD,AMD,2026-09-09 16:00:00,179.22
AMD,AMD,2026-09-10 09:30:00,181.05
AMD,AMD,2026-09-10 10:00:00,180.33
AMD,AMD,2026-09-10 10:30:00,180.16
AMD,AMD,2026-09-10 11:00:00,180.86
AMD,AMD,2026-09-10 11:30:00,181.98
AMD,AMD,2026-09-10 12:00:00,182.23
AMD,AMD,2026-09-10 12:30:00,182.67
AMD,AMD,2026-09-10 13:00:00,182.07
AMD,AMD,2026-09-10 13:30:00,179.60
AMD,AMD,2026-09-10 14:00:00,180.61
AMD,AMD,2026-09-10 14:30:00,180.43
AMD,AMD,2026-09-10 15:00:00,182.17
AMD,AMD,2026-09-10 15:30:00,181.50
AMD,AMD,2026-09-10 16:00:00,180.93
AMD,AMD,2026-09-11 09:30:00,178.69
AMD,AMD,2026-09-11 10:00:00,179.49
AMD,AMD,2026-09-11 10:30:00,178.94
AMD,AMD,2026-09-11 11:00:00,179.19
AMD,AMD,2026-09-11 11:30:00,180.18
AMD,AMD,2026-09-11 12:00:00,180.19
AMD,AMD,2026-09-11 12:30:00,179.05
AMD,AMD,2026-09-11 13:00:00,180.06
AMD,AMD,2026-09-11 13:30:00,179.72
AMD,AMD,2026-09-11 14:00:00,178.85
AMD,AMD,2026-09-11 14:30:00,180.95
AMD,AMD,2026-09-11 15:00:00,180.15
AMD,AMD,2026-09-11 15:30:00,179.80
AMD,AMD,2026-09-11 16:00:00,177.90
AMD,AMD,2026-09-12 09:30:00,174.52
AMD,AMD,2026-09-12 10:00:00,174.69
AMD,AMD,2026-09-12 10:30:00,173.38
AMD,AMD,2026-09-12 11:00:00,174.04
AMD,AMD,2026-09-12 11:30:00,174.09
AMD,AMD,2026-09-12 12:00:00,173.60
AMD,AMD,2026-09-12 12:30:00,174.50
AMD,AMD,2026-09-12 13:00:00,173.37
AMD,AMD,2026-09-12 13:30:00,174.16
AMD,AMD,2026-09-12 14:00:00,173.76
AMD,AMD,2026-09-12 14:30:00,174.30
AMD,AMD,2026-09-12 15:00:00,173.48
AMD,AMD,2026-09-12 15:30:00,173.77
AMD,AMD,2026-09-12 16:00:00,173.93
INTC,Intel,2026-09-01 09:30:00,31.59
INTC,Intel,2026-09-01 10:00:00,31.57
INTC,Intel,2026-09-01 10:30:00,31.24
INTC,Intel,2026-09-01 11:00:00,31.27
INTC,Intel,2026-09-01 11:30:00,31.39
INTC,Intel,2026-09-01 12:00:00,31.41
INTC,Intel,2026-09-01 12:30:00,31.33
INTC,Intel,2026-09-01 13:00:00,31.49
INTC,Intel,2026-09-01 13:30:00,31.37
INTC,Intel,2026-09-01 14:00:00,31.56
INTC,Intel,2026-09-01 14:30:00,31.40
INTC,Intel,2026-09-01 15:00:00,31.36
INTC,Intel,2026-09-01 15:30:00,31.34
INTC,Intel,2026-09-01 16:00:00,31.22
INTC,Intel,2026-09-02 09:30:00,31.22
INTC,Intel,2026-09-02 10:00:00,31.27
INTC,Intel,2026-09-02 10:30:00,31.33
INTC,Intel,2026-09-02 11:00:00,31.25
INTC,Intel,2026-09-02 11:30:00,31.40
INTC,Intel,2026-09-02 12:00:00,31.73
INTC,Intel,2026-09-02 12:30:00,31.68
INTC,Intel,2026-09-02 13:00:00,31.58
INTC,Intel,2026-09-02 13:30:00,31.68
INTC,Intel,2026-09-02 14:00:00,31.82
INTC,Intel,2026-09-02 14:30:00,31.97
INTC,Intel,2026-09-02 15:00:00,32.09
INTC,Intel,2026-09-02 15:30:00,32.25
INTC,Intel,2026-09-02 16:00:00,32.37
INTC,Intel,2026-09-03 09:30:00,32.72
INTC,Intel,2026-09-03 10:00:00,32.76
INTC,Intel,2026-09-03 10:30:00,32.96
INTC,Intel,2026-09-03 11:00:00,32.99
INTC,Intel,2026-09-03 11:30:00,32.88
INTC,Intel,2026-09-03 12:00:00,32.88
INTC,Intel,2026-09-03 12:30:00,32.98
INTC,Intel,2026-09-03 13:00:00,32.77
INTC,Intel,2026-09-03 13:30:00,32.64
INTC,Intel,2026-09-03 14:00:00,32.62
INTC,Intel,2026-09-03 14:30:00,32.40
INTC,Intel,2026-09-03 15:00:00,32.40
INTC,Intel,2026-09-03 15:30:00,32.50
INTC,Intel,2026-09-03 16:00:00,32.33
INTC,Intel,2026-09-04 09:30:00,32.73
INTC,Intel,2026-09-04 10:00:00,32.61
INTC,Intel,2026-09-04 10:30:00,32.49
INTC,Intel,2026-09-04 11:00:00,32.41
INTC,Intel,2026-09-04 11:30:00,32.39
INTC,Intel,2026-09-04 12:00:00,32.42
INTC,Intel,2026-09-04 12:30:00,32.55
INTC,Intel,2026-09-04 13:00:00,32.45
INTC,Intel,2026-09-04 13:30:00,32.61
INTC,Intel,2026-09-04 14:00:00,32.53
INTC,Intel,2026-09-04 14:30:00,32.36
INTC,Intel,2026-09-04 15:00:00,32.48
INTC,Intel,2026-09-04 15:30:00,32.47
INTC,Intel,2026-09-04 16:00:00,32.69
INTC,Intel,2026-09-05 09:30:00,33.15
INTC,Intel,2026-09-05 10:00:00,33.21
INTC,Intel,2026-09-05 10:30:00,33.31
INTC,Intel,2026-09-05 11:00:00,33.30
INTC,Intel,2026-09-05 11:30:00,33.34
INTC,Intel,2026-09-05 12:00:00,33.26
INTC,Intel,2026-09-05 12:30:00,33.26
INTC,Intel,2026-09-05 13:00:00,33.02
INTC,Intel,2026-09-05 13:30:00,33.26
INTC,Intel,2026-09-05 14:00:00,33.19
INTC,Intel,2026-09-05 14:30:00,33.46
INTC,Intel,2026-09-05 15:00:00,33.40
INTC,Intel,2026-09-05 15:30:00,33.45
INTC,Intel,2026-09-05 16:00:00,33.57
INTC,Intel,2026-09-06 09:30:00,33.62
INTC,Intel,2026-09-06 10:00:00,33.64
INTC,Intel,2026-09-06 10:30:00,33.53
INTC,Intel,2026-09-06 11:00:00,33.36
INTC,Intel,2026-09-06 11:30:00,33.27
INTC,Intel,2026-09-06 12:00:00,33.42
INTC,Intel,2026-09-06 12:30:00,33.62
INTC,Intel,2026-09-06 13:00:00,33.59
INTC,Intel,2026-09-06 13:30:00,33.70
INTC,Intel,2026-09-06 14:00:00,33.59
INTC,Intel,2026-09-06 14:30:00,33.64
INTC,Intel,2026-09-06 15:00:00,33.60
INTC,Intel,2026-09-06 15:30:00,33.50
INTC,Intel,2026-09-06 16:00:00,33.37
INTC,Intel,2026-09-07 09:30:00,33.46
INTC,Intel,2026-09-07 10:00:00,33.30
INTC,Intel,2026-09-07 10:30:00,33.28
INTC,Intel,2026-09-07 11:00:00,33.32
INTC,Intel,2026-09-07 11:30:00,33.46
INTC,Intel,2026-09-07 12:00:00,33.48
INTC,Intel,2026-09-07 12:30:00,33.41
INTC,Intel,2026-09-07 13:00:00,33.40
INTC,Intel,2026-09-07 13:30:00,33.35
INTC,Intel,2026-09-07 14:00:00,33.26
INTC,Intel,2026-09-07 14:30:00,33.08
INTC,Intel,2026-09-07 15:00:00,32.99
INTC,Intel,2026-09-07 15:30:00,33.17
INTC,Intel,2026-09-07 16:00:00,33.02
INTC,Intel,2026-09-08 09:30:00,33.10
INTC,Intel,2026-09-08 10:00:00,33.27
INTC,Intel,2026-09-08 10:30:00,32.92
INTC,Intel,2026-09-08 11:00:00,32.95
INTC,Intel,2026-09-08 11:30:00,32.92
INTC,Intel,2026-09-08 12:00:00,32.82
INTC,Intel,2026-09-08 12:30:00,32.78
INTC,Intel,2026-09-08 13:00:00,32.67
INTC,Intel,2026-09-08 13:30:00,32.80
INTC,Intel,2026-09-08 14:00:00,32.85
INTC,Intel,2026-09-08 14:30:00,32.71
INTC,Intel,2026-09-08 15:00:00,32.67
INTC,Intel,2026-09-08 15:30:00,32.91
INTC,Intel,2026-09-08 16:00:00,32.74
INTC,Intel,2026-09-09 09:30:00,32.77
INTC,Intel,2026-09-09 10:00:00,32.92
INTC,Intel,2026-09-09 10:30:00,32.99
INTC,Intel,2026-09-09 11:00:00,33.25
INTC,Intel,2026-09-09 11:30:00,33.28
INTC,Intel,2026-09-09 12:00:00,33.10
INTC,Intel,2026-09-09 12:30:00,33.15
INTC,Intel,2026-09-09 13:00:00,33.23
INTC,Intel,2026-09-09 13:30:00,33.15
INTC,Intel,2026-09-09 14:00:00,33.41
INTC,Intel,2026-09-09 14:30:00,33.70
INTC,Intel,2026-09-09 15:00:00,33.59
INTC,Intel,2026-09-09 15:30:00,33.85
INTC,Intel,2026-09-09 16:00:00,33.73
INTC,Intel,2026-09-10 09:30:00,33.50
INTC,Intel,2026-09-10 10:00:00,33.47
INTC,Intel,2026-09-10 10:30:00,33.43
INTC,Intel,2026-09-10 11:00:00,33.06
INTC,Intel,2026-09-10 11:30:00,33.19
INTC,Intel,2026-09-10 12:00:00,33.27
INTC,Intel,2026-09-10 12:30:00,32.94
INTC,Intel,2026-09-10 13:00:00,32.76
INTC,Intel,2026-09-10 13:30:00,32.76
INTC,Intel,2026-09-10 14:00:00,32.90
INTC,Intel,2026-09-10 14:30:00,32.70
INTC,Intel,2026-09-10 15:00:00,32.81
INTC,Intel,2026-09-10 15:30:00,32.84
INTC,Intel,2026-09-10 16:00:00,32.76
INTC,Intel,2026-09-11 09:30:00,32.91
INTC,Intel,2026-09-11 10:00:00,32.87
INTC,Intel,2026-09-11 10:30:00,33.07
INTC,Intel,2026-09-11 11:00:00,33.00
INTC,Intel,2026-09-11 11:30:00,32.65
INTC,Intel,2026-09-11 12:00:00,32.81
INTC,Intel,2026-09-11 12:30:00,32.74
INTC,Intel,2026-09-11 13:00:00,32.83
INTC,Intel,2026-09-11 13:30:00,32.75
INTC,Intel,2026-09-11 14:00:00,32.74
INTC,Intel,2026-09-11 14:30:00,32.70
INTC,Intel,2026-09-11 15:00:00,32.60
INTC,Intel,2026-09-11 15:30:00,32.57
INTC,Intel,2026-09-11 16:00:00,32.77
INTC,Intel,2026-09-12 09:30:00,32.86
INTC,Intel,2026-09-12 10:00:00,32.53
INTC,Intel,2026-09-12 10:30:00,32.66
INTC,Intel,2026-09-12 11:00:00,32.66
INTC,Intel,2026-09-12 11:30:00,32.57
INTC,Intel,2026-09-12 12:00:00,32.77
INTC,Intel,2026-09-12 12:30:00,32.76
INTC,Intel,2026-09-12 13:00:00,32.49
INTC,Intel,2026-09-12 13:30:00,32.65
INTC,Intel,2026-09-12 14:00:00,32.54
INTC,Intel,2026-09-12 14:30:00,32.41
INTC,Intel,2026-09-12 15:00:00,32.55
INTC,Intel,2026-09-12 15:30:00,33.01
INTC,Intel,2026-09-12 16:00:00,33.10
